DateTime,time,Season,SW_IN_merge,doy,shadow,panel,soil,f_dif,albedo_soil,albedo_shade,albedo
2019-07-15 00:15:00,00:15,Summer,0.0,196,0.0,51,49.0,,,,
2019-07-15 00:45:00,00:45,Summer,0.0,196,0.0,51,49.0,,,,
2019-07-15 01:15:00,01:15,Summer,0.0,196,0.0,51,49.0,,,,
2019-07-15 01:45:00,01:45,Summer,0.0,196,0.0,51,49.0,,,,
2019-07-15 02:15:00,02:15,Summer,0.0,196,0.0,51,49.0,,,,
2019-07-15 02:45:00,02:45,Summer,0.0,196,0.0,51,49.0,,,,
2019-07-15 03:15:00,03:15,Summer,0.0,196,0.0,51,49.0,,,,
2019-07-15 03:45:00,03:45,Summer,0.0,196,0.0,51,49.0,,,,
2019-07-15 04:15:00,04:15,Summer,0.0,196,0.0,51,49.0,,,,
2019-07-15 04:45:00,04:45,Summer,0.0,196,0.0,51,49.0,1.1724137931034482,,,
2019-07-15 05:15:00,05:15,Summer,0.0,196,0.0,51,49.0,0.7197149643705463,,,
2019-07-15 05:45:00,05:45,Summer,0.8252639999999999,196,0.0,51,49.0,0.3680351906158358,0.7111202874620763,0.2617172905468932,37.39489408564174
2019-07-15 06:15:00,06:15,Summer,32.5889,196,0.0,51,49.0,0.2468723936613845,0.5387300226423288,0.1329975702269636,28.947771109474115
2019-07-15 06:45:00,06:45,Summer,102.021,196,0.0,51,49.0,0.18117779656241195,0.5274623326968542,0.0955644632076859,28.395654302145854
2019-07-15 07:15:00,07:15,Summer,207.093,196,0.0,51,49.0,0.1524625267665953,0.44332270126948536,0.06759009920853824,24.272812362204785
2019-07-15 07:45:00,07:45,Summer,325.045,196,0.0,51,49.0,0.14599574769666904,0.4000603378885108,0.05840710815381519,22.15295655653703
2019-07-15 08:15:00,08:15,Summer,434.257,196,0.0,51,49.0,0.11754068716094032,0.38796533189712257,0.045601711705810066,21.560301262959005
2019-07-15 08:45:00,08:45,Summer,544.9590000000001,196,0.6382732592832987,51,48.361726740716705,0.10486101962850743,0.37981310214817116,0.03982758915952367,20.943838343776022
2019-07-15 09:15:00,09:15,Summer,643.013,196,1.7988960211824079,51,47.20110397881759,0.0994671403197158,0.37731876631891625,0.0375308186747057,20.42737636256399
2019-07-15 09:45:00,09:45,Summer,735.683,196,2.814195464331384,51,46.185804535668616,0.0997585601404741,0.37557538800349366,0.03746685993142842,20.001690526019022
2019-07-15 10:15:00,10:15,Summer,817.5139999999999,196,3.684094269747039,51,45.315905730252965,0.10186915887850467,0.37476027965175984,0.03817651446919797,19.673247382337276
2019-07-15 10:45:00,10:45,Summer,879.9810000000001,196,4.40852619126683,51,44.59147380873317,0.10234798314268513,0.3772228940800843,0.03860800240434337,19.541129191218648
2019-07-15 11:15:00,11:15,Summer,943.767,196,4.987436060595595,51,44.0125639394044,0.1024936186923228,0.3743902852649702,0.03837261514005782,19.21925733300524
2019-07-15 11:45:00,11:45,Summer,1006.02,196,5.4207797915050655,51,43.57922020849493,0.11666828841101488,0.369009970114817,0.043051761619895455,18.864540866141567
2019-07-15 12:15:00,12:15,Summer,1034.85,196,5.708524383193108,51,43.29147561680689,0.11813807325935383,0.3691127181867963,0.04360626534211096,18.778361668202436
2019-07-15 12:45:00,12:45,Summer,1027.3,196,5.85064792279417,51,43.14935207720583,0.1218078638021889,0.376111466063333,0.045813334232684064,19.047003758205538
2019-07-15 13:15:00,13:15,Summer,1018.39,196,5.847139587050833,51,43.15286041294917,0.12255976615513102,0.3791544048289998,0.046469075192530095,19.183308275672534
2019-07-15 13:45:00,13:45,Summer,1012.75,196,5.697999643136491,51,43.30200035686351,0.12693498452012383,0.37561808040400607,0.04767907522156114,19.08668960529619
2019-07-15 14:15:00,14:15,Summer,988.409,196,5.403239448635333,51,43.59676055136467,0.13117689185963238,0.37238662188953975,0.048848519629577966,19.048790635319808
2019-07-15 14:45:00,14:45,Summer,929.258,196,4.962881450676996,51,44.037118549323004,0.12963686060132762,0.3761372877248687,0.04876125713575026,19.355998668911568
2019-07-15 15:15:00,15:15,Summer,853.16,196,4.37695918422866,51,44.62304081577134,0.13655740114655301,0.3798619346508399,0.05187295859042045,19.72764043679775
2019-07-15 15:45:00,15:45,Summer,784.082,196,3.645517269538651,51,45.35448273046135,0.15323691460055097,0.3751121208093666,0.05748102402209647,19.77256427097847
2019-07-15 16:15:00,16:15,Summer,699.72,196,2.7686114087410267,51,46.23138859125898,0.1771356783919598,0.37015127913835877,0.06556699793782485,19.844137161924596
2019-07-15 16:45:00,16:45,Summer,605.581,196,1.7463083816120992,51,47.253691618387904,0.21201508620689657,0.3661832434090945,0.07763637191890017,19.989087106874358
2019-07-15 17:15:00,17:15,Summer,501.268,196,0.5786860404856,51,48.4213139595144,0.2605202754399388,0.3636608493154214,0.09474102463037566,20.21376146790058
2019-07-15 17:45:00,17:45,Summer,387.707,196,0.0,51,49.0,0.34431524547803616,0.35983117234566053,0.12389535843684564,20.181727444937366
2018-03-21 00:15:00,00:15,Spring,0.0,80,49.0,51,0.0,,,,
2018-03-21 00:45:00,00:45,Spring,0.0,80,49.0,51,0.0,,,,
2018-03-21 01:15:00,01:15,Spring,0.0,80,49.0,51,0.0,,,,
2018-03-21 01:45:00,01:45,Spring,0.0,80,49.0,51,0.0,,,,
2018-03-21 02:15:00,02:15,Spring,0.0,80,49.0,51,0.0,,,,
2018-03-21 02:45:00,02:45,Spring,0.0,80,49.0,51,0.0,,,,
2018-03-21 03:15:00,03:15,Spring,0.0,80,49.0,51,0.0,,,,
2018-03-21 03:45:00,03:45,Spring,0.0,80,49.0,51,0.0,,,,
2018-03-21 04:15:00,04:15,Spring,0.0,80,45.79070194660237,51,3.2092980533976316,,,,
2018-03-21 04:45:00,04:45,Spring,0.0,80,42.738146753312094,51,6.261853246687906,,,,
2018-03-21 05:15:00,05:15,Spring,0.0,80,39.89113866299522,51,9.108861337004782,,,,
2018-03-21 05:45:00,05:45,Spring,5.23309,80,37.24989448633647,51,11.750105513663527,1.0185185185185184,0.4957541783207843,0.5049348112526506,27.183932345748236
2018-03-21 06:15:00,06:15,Spring,59.7576,80,34.81461536430812,51,14.185384635691882,0.5964653902798233,0.5538774029117318,0.330368701294921,21.90862326530968
2018-03-21 06:45:00,06:45,Spring,163.506,80,32.58548675284563,51,16.414513247154368,0.3860438942037141,0.4952022207666391,0.1911697937230807,16.90786419370194
2018-03-21 07:15:00,07:15,Spring,282.001,80,30.562678408719982,51,18.437321591280018,0.28216180371352784,0.4517499188768359,0.1274665719377279,14.774778379161631
2018-03-21 07:45:00,07:45,Spring,401.963,80,28.746344376618968,51,20.253655623381032,0.2220394736842105,0.4342732929326174,0.09642581339786735,14.117511360219599
2018-03-21 08:15:00,08:15,Spring,519.305,80,27.13662297741377,51,21.86337702258623,0.18904008826774552,0.4267717724188276,0.08067697352823737,14.069972776584764
2018-03-21 08:45:00,08:45,Spring,622.694,80,25.73363679761811,51,23.26636320238189,0.17220683287165284,0.41305981286954707,0.0711317221608223,13.990877533406463
2018-03-21 09:15:00,09:15,Spring,721.459,80,24.537492680063455,51,24.462507319936545,0.16478124574076597,0.4115695271600066,0.0678189393943639,14.282129299773356
2018-03-21 09:45:00,09:45,Spring,806.7280000000001,80,23.5482817157539,51,25.4517182842461,0.15501151375590838,0.40240300093680026,0.062377098315133626,14.260721300314705
2018-03-21 10:15:00,10:15,Spring,870.062,80,22.76607923693522,51,26.23392076306478,0.1520507591207795,0.40016882483606087,0.0608459735927933,14.433221498659972
2018-03-21 10:45:00,10:45,Spring,918.827,80,22.19094481135516,51,26.80905518864484,0.15010251429804683,0.3983116815763318,0.05978758487889042,14.55510285011348
2018-03-21 11:15:00,11:15,Spring,949.48,80,21.82292223772591,51,27.17707776227409,0.147126677852349,0.39755880202693183,0.05849150579318219,14.630942060254569
2018-03-21 11:45:00,11:45,Spring,964.669,80,21.662039542391458,51,27.337960457608542,0.1469608659450458,0.397904500434458,0.0584763899472788,14.694615370115951
2018-03-21 12:15:00,12:15,Spring,962.693,80,21.708308977192562,51,27.291691022807438,0.16113343201522523,0.39545727356819593,0.06372138770542722,14.725981295709932
2018-03-21 12:45:00,12:45,Spring,942.268,80,21.961727018532006,51,27.038272981467994,0.15800889274482158,0.3933148265168338,0.0621472402380465,14.549414372083984
2018-03-21 13:15:00,13:15,Spring,902.195,80,22.422274367644874,51,26.577725632355126,0.1639512361854848,0.39300257167792185,0.06443325745066988,14.439854699825805
2018-03-21 13:45:00,13:45,Spring,844.199,80,23.089915952067326,51,25.910084047932674,0.18055729101586906,0.39282187437938343,0.0709268534897175,14.365742866858445
2018-03-21 14:15:00,14:15,Spring,767.3989999999999,80,23.96460092830846,51,25.03539907169154,0.19374313940724477,0.39210278105492946,0.07596722377189358,14.18697380215519
2018-03-21 14:45:00,14:45,Spring,677.638,80,25.046262685720805,51,23.953737314279195,0.24346608587429996,0.3915276297968401,0.09532369953827859,14.31605241424631
2018-03-21 15:15:00,15:15,Spring,573.9590000000001,80,26.33481885157225,51,22.66518114842775,0.23972988182329769,0.39080588685560347,0.09368784907174287,13.874938753352003
2018-03-21 15:45:00,15:45,Spring,456.29,80,27.83017129732404,51,21.16982870267596,0.29400148111577384,0.3881125394232349,0.11410566143003524,13.941856080542797
2018-03-21 16:15:00,16:15,Spring,326.323,80,29.532206146097113,51,19.467793853902887,0.35353185595567865,0.3836152838916661,0.1356202232871853,14.023307657706265
2018-03-21 16:45:00,16:45,Spring,192.67,80,31.44079378134648,51,17.55920621865352,0.4307948860478043,0.3767679935903112,0.16230972486519799,14.268893484234379
2018-03-21 17:15:00,17:15,Spring,59.3782,80,33.55578885673681,51,15.444211143263189,0.5779816513761469,0.38221260459963124,0.22091187238327314,15.865844312692774
2018-03-21 17:45:00,17:45,Spring,10.503,80,35.87703030720377,51,13.122969692796232,0.9666666666666667,0.45359851154810127,0.4384785611631646,24.233868147653173
2018-03-21 18:15:00,18:15,Spring,0.0,80,38.404341361222315,51,10.595658638777685,,,,
2018-03-21 18:45:00,18:45,Spring,0.0,80,41.137529554273314,51,7.862470445726686,,,,
2018-03-21 19:15:00,19:15,Spring,0.0,80,44.076386743492506,51,4.923613256507494,,,,
2018-03-21 19:45:00,19:45,Spring,0.0,80,47.22068912352545,51,1.7793108764745469,,,,
2018-03-21 20:15:00,20:15,Spring,0.0,80,49.0,51,0.0,,,,
2018-03-21 20:45:00,20:45,Spring,0.0,80,49.0,51,0.0,,,,
2018-03-21 21:15:00,21:15,Spring,0.0,80,49.0,51,0.0,,,,
2018-03-21 21:45:00,21:45,Spring,0.0,80,49.0,51,0.0,,,,
2018-03-21 22:15:00,22:15,Spring,0.0,80,49.0,51,0.0,,,,
2018-03-21 22:45:00,22:45,Spring,0.0,80,49.0,51,0.0,,,,
2018-03-21 23:15:00,23:15,Spring,0.0,80,49.0,51,0.0,,,,
2018-03-21 23:45:00,23:45,Spring,0.0,80,49.0,51,0.0,,,,
2018-10-23 00:15:00,00:15,Autumn,0.0,296,49.0,51,0.0,,,,
2018-10-23 00:45:00,00:45,Autumn,0.0,296,49.0,51,0.0,,,,
2018-10-23 01:15:00,01:15,Autumn,0.0,296,49.0,51,0.0,,,,
2018-10-23 01:45:00,01:45,Autumn,0.0,296,49.0,51,0.0,,,,
2018-10-23 02:15:00,02:15,Autumn,0.0,296,49.0,51,0.0,,,,
2018-10-23 02:45:00,02:45,Autumn,0.0,296,49.0,51,0.0,,,,
2018-10-23 03:15:00,03:15,Autumn,0.0,296,49.0,51,0.0,,,,
2018-10-23 03:45:00,03:45,Autumn,0.0,296,49.0,51,0.0,,,,
2018-10-23 04:15:00,04:15,Autumn,0.0,296,49.0,51,0.0,,,,
2018-10-23 04:45:00,04:45,Autumn,0.0,296,49.0,51,0.0,,,,
2018-10-23 05:15:00,05:15,Autumn,0.0,296,49.0,51,0.0,,,,
2018-10-23 05:45:00,05:45,Autumn,2.3938900000000003,296,49.0,51,0.0,1.0,0.5002144493488876,0.5002144493488876,27.060508018095494
2018-10-23 06:15:00,06:15,Autumn,49.7982,296,49.0,51,0.0,0.9487179487179486,0.4376021662643346,0.41516102953283024,22.892890447108684
2018-10-23 06:45:00,06:45,Autumn,104.367,296,49.0,51,0.0,0.9200463499420627,0.4429616133883337,0.40754521556238354,22.519715562556794
2018-10-23 07:15:00,07:15,Autumn,197.3,296,48.523235048048136,51,0.4767649519518642,0.8495038588754134,0.42426907357412696,0.3604182152027175,20.24093439635669
2018-10-23 07:45:00,07:45,Autumn,317.188,296,44.918901636536006,51,4.081098363463994,0.6592449177153921,0.41299222393196633,0.2722630246831259,16.46521791421921
2018-10-23 08:15:00,08:15,Autumn,419.082,296,41.705431430764904,51,7.294568569235096,0.3615384615384616,0.40615705890047904,0.14684139821786552,11.636824380601237
2018-10-23 08:45:00,08:45,Autumn,520.7769999999999,296,38.88306914892736,51,10.116930851072638,0.35221870047543585,0.40440633349797306,0.1424394732486918,12.179834799600489
2018-10-23 09:15:00,09:15,Autumn,580.747,296,36.45202972484152,51,12.547970275158477,0.30181757545439386,0.39450995990422477,0.11907003959090326,11.840643872637838
2018-10-23 09:45:00,09:45,Autumn,569.271,296,34.41249829156935,51,14.58750170843065,0.2677571470674919,0.3899492215821802,0.1044116910720338,11.831452076667487
2018-10-23 10:15:00,10:15,Autumn,496.86800000000005,296,32.76463016732714,51,16.23536983267286,0.27184054283290926,0.38621731821857447,0.10498952543600774,12.260323969415637
2018-10-23 10:45:00,10:45,Autumn,592.4590000000001,296,31.50855084365371,51,17.49144915634629,0.30163886018012703,0.385203318985474,0.11619229007638027,12.948814948402449
2018-10-23 11:15:00,11:15,Autumn,783.8789999999999,296,30.64435597585085,51,18.35564402414915,0.32472571581482473,0.38260663819113283,0.12424221446211926,13.38031389911805
2018-10-23 11:45:00,11:45,Autumn,811.452,296,30.172111375704027,51,18.827888624295973,0.3260983951591686,0.3796986207361109,0.12381911086619558,13.434807345513791
2018-10-23 12:15:00,12:15,Autumn,692.8439999999999,296,30.091853006468497,51,18.908146993531503,0.37110442864953525,0.37792364675769735,0.14024913900316405,13.916192340392998
2018-10-23 12:45:00,12:45,Autumn,776.6110000000001,296,30.403586980129305,51,18.596413019870695,0.500517419799931,0.37903774556048603,0.18971499441471723,15.36675880068606
2018-10-23 13:15:00,13:15,Autumn,735.788,296,31.107289556937353,51,17.892710443062647,0.6810713481881612,0.3798062337969428,0.2586751437023518,17.392445562130288
2018-10-23 13:45:00,13:45,Autumn,520.328,296,32.20290714721671,51,16.797092852783287,0.8414600167177487,0.38005115524231275,0.3197978514437962,19.232175059336654
2018-10-23 14:15:00,14:15,Autumn,520.19,296,33.69035631544698,51,15.309643684553023,0.7466231951560318,0.3805188355017302,0.2841041887793543,17.947179137479992
2018-10-23 14:45:00,14:45,Autumn,451.184,296,35.5695237866152,51,13.4304762133848,0.984180790960452,0.3808122800369303,0.3747881309741992,20.995525608428654
2018-10-23 15:15:00,15:15,Autumn,300.407,296,37.840266454840375,51,11.159733545159625,1.0008673026886383,0.37911240852850653,0.37944121373971945,21.138950094700856
2018-10-23 15:45:00,15:45,Autumn,110.473,296,40.50241139428039,51,8.497588605719613,0.9957865168539326,0.37183584279596654,0.37026911873924195,20.706500194715584
2018-10-23 16:15:00,16:15,Autumn,64.1424,296,43.555755872289765,51,5.444244127710235,1.0051020408163265,0.3669581271330293,0.36883036247554474,20.612494855032512
2018-10-23 16:45:00,16:45,Autumn,11.7205,296,47.00006736486264,51,1.9999326351373625,1.142857142857143,0.38556060687563276,0.4406406935721518,24.031237522104874
2018-10-23 17:15:00,17:15,Autumn,0.0413154,296,49.0,51,0.0,,0.2902105850800557,,
2018-10-23 17:45:00,17:45,Autumn,0.0,296,49.0,51,0.0,,,,
2018-10-23 18:15:00,18:15,Autumn,0.0,296,49.0,51,0.0,,,,
2018-10-23 18:45:00,18:45,Autumn,0.0,296,49.0,51,0.0,,,,
2018-10-23 19:15:00,19:15,Autumn,0.0,296,49.0,51,0.0,,,,
2018-10-23 19:45:00,19:45,Autumn,0.0,296,49.0,51,0.0,,,,
2018-10-23 20:15:00,20:15,Autumn,0.0,296,49.0,51,0.0,,,,
2018-10-23 20:45:00,20:45,Autumn,0.0,296,49.0,51,0.0,,,,
2018-10-23 21:15:00,21:15,Autumn,0.0,296,49.0,51,0.0,,,,
2018-10-23 21:45:00,21:45,Autumn,0.0,296,49.0,51,0.0,,,,
2018-10-23 22:15:00,22:15,Autumn,0.0,296,49.0,51,0.0,,,,
2018-10-23 22:45:00,22:45,Autumn,0.0,296,49.0,51,0.0,,,,
2018-10-23 23:15:00,23:15,Autumn,0.0,296,49.0,51,0.0,,,,
2018-10-23 23:45:00,23:45,Autumn,0.0,296,49.0,51,0.0,,,,
2019-07-18 00:45:00,00:45,Summer,0.0,199,0.0,51,49.0,,,,
2019-07-18 01:15:00,01:15,Summer,0.0,199,0.0,51,49.0,,,,
2019-07-18 01:45:00,01:45,Summer,0.0,199,0.0,51,49.0,,,,
2019-07-18 02:15:00,02:15,Summer,0.0,199,0.0,51,49.0,,,,
2019-07-18 02:45:00,02:45,Summer,0.0,199,0.0,51,49.0,,,,
2019-07-18 03:15:00,03:15,Summer,0.0,199,0.0,51,49.0,,,,
2019-07-18 03:45:00,03:45,Summer,0.0,199,0.0,51,49.0,,,,
2019-07-18 04:15:00,04:15,Summer,0.0,199,0.0,51,49.0,,,,
2019-07-18 04:45:00,04:45,Summer,0.0,199,0.0,51,49.0,0.0,,,
2019-07-18 05:15:00,05:15,Summer,0.0,199,0.0,51,49.0,0.894736842105263,,,
2019-07-18 05:45:00,05:45,Summer,1.03195,199,0.0,51,49.0,0.6627164995442115,0.7111202874620763,0.47127114766174066,37.39489408564174
2019-07-18 06:15:00,06:15,Summer,26.031,199,0.0,51,49.0,0.5048732943469786,0.5387300226423288,0.2719904012950549,28.947771109474115
2019-07-18 06:45:00,06:45,Summer,81.855,199,0.0,51,49.0,0.40554480980012897,0.5274623326968542,0.21390961139027806,28.395654302145854
2019-07-18 07:15:00,07:15,Summer,165.083,199,0.0,51,49.0,0.33807829181494664,0.44332270126948536,0.1498777815679755,24.272812362204785
2019-07-18 07:45:00,07:45,Summer,270.37,199,0.0,51,49.0,0.2947108066971081,0.4000603378885108,0.11790210490664066,22.15295655653703
2019-07-18 08:15:00,08:15,Summer,374.446,199,0.0,51,49.0,0.2592533503509892,0.38796533189712257,0.10058131211436251,21.560301262959005
2019-07-18 08:45:00,08:45,Summer,483.75,199,1.2045669441498426,51,47.795433055850154,0.23416054346319148,0.37981310214817116,0.08893724241345642,20.810462559772784
2019-07-18 09:15:00,09:15,Summer,588.641,199,2.312007683062969,51,46.68799231693703,0.21776003991020204,0.37731876631891625,0.0821649496124754,20.356221657716247
2019-07-18 09:45:00,09:45,Summer,683.1110000000001,199,3.282074006426331,51,45.71792599357367,0.21443466172381834,0.37557538800349366,0.08053638127832098,19.984854157316658
2019-07-18 10:15:00,10:15,Summer,760.382,199,4.114692039933956,51,44.885307960066044,0.20121752364387432,0.37476027965175984,0.07540833543161295,19.681512640914843
2019-07-18 10:45:00,10:45,Summer,820.2719999999999,199,4.809798376498442,51,44.19020162350156,0.19076222038111018,0.3772228940800843,0.07195987685330522,19.565668245261755
2019-07-18 11:15:00,11:15,Summer,879.555,199,5.367340081081423,51,43.63265991891858,0.18837068443367655,0.3743902852649702,0.07052415428068184,19.264171113868432
2019-07-18 11:45:00,11:45,Summer,935.159,199,5.787274694723129,51,43.21272530527687,0.18804533146123759,0.369009970114817,0.06939060214274215,18.897508949312307
2019-07-18 12:15:00,12:15,Summer,968.407,199,6.0695702377776115,51,42.93042976222239,0.18378269211350096,0.3691127181867963,0.06783652904170143,18.807906200166894
2019-07-18 12:45:00,12:45,Summer,978.914,199,6.214205212345478,51,42.785794787654524,0.17392641180690785,0.376111466063333,0.06541571773183111,19.04873469836812
2019-07-18 13:15:00,13:15,Summer,971.78,199,6.221168603913801,51,42.7788313960862,0.1724941724941725,0.3791544048289998,0.06540192530849881,19.17665876162794
2019-07-18 13:45:00,13:45,Summer,953.591,199,6.0904598821934,51,42.9095401178066,0.17969451931716082,0.37561808040400607,0.06749651040503253,19.078683878879104
2019-07-18 14:15:00,14:15,Summer,920.321,199,5.822089001159544,51,43.17791099884046,0.1909718020089556,0.37238662188953975,0.071115344226273,19.04291628053886
2019-07-18 14:45:00,14:45,Summer,868.1360000000001,199,5.416076398293491,51,43.58392360170651,0.19394663480684987,0.3761372877248687,0.07295056117961413,19.338644624600953
2019-07-18 15:15:00,15:15,Summer,807.987,199,4.872452993027554,51,44.12754700697245,0.19500756429652044,0.3798619346508399,0.0740759506452243,19.67330696489712
2019-07-18 15:45:00,15:45,Summer,724.158,199,4.191260184388085,51,44.808739815611915,0.2073235450203432,0.3751121208093666,0.07776957466629714,19.68425394488494
2019-07-18 16:15:00,16:15,Summer,630.396,199,3.3725498478451392,51,45.627450152154864,0.23654054054054055,0.37015127913835877,0.08755578364915989,19.73434528246576
2019-07-18 16:45:00,16:45,Summer,533.47,199,2.4163843313605113,51,46.58361566863949,0.2865697177074423,0.3661832434090945,0.10493702869293985,19.861707667178273
2019-07-18 17:15:00,17:15,Summer,426.045,199,1.3228364506404837,51,47.67716354935952,0.3735294117647059,0.3636608493154214,0.1358380231266427,20.068009277685203
2019-07-18 17:45:00,17:45,Summer,317.812,199,0.09198948358977077,51,48.90801051641023,0.5146379044684128,0.35983117234566053,0.18518276049838303,20.16566162772176
2019-07-18 18:15:00,18:15,Summer,213.641,199,0.0,51,49.0,0.7446808510638298,0.35142711916282876,0.2617010461850852,19.76992883897861
2019-07-18 18:45:00,18:45,Summer,112.747,199,0.0,51,49.0,1.1785714285714286,0.34281549402013395,0.40403254652372933,19.347959206986562
2019-07-18 19:15:00,19:15,Summer,34.225,199,0.0,51,49.0,,0.37989621140023455,,
2019-07-18 19:45:00,19:45,Summer,3.7074,199,0.0,51,49.0,,0.6982462707674022,,
2019-07-18 20:15:00,20:15,Summer,0.0,199,0.0,51,49.0,,,,
2019-07-18 20:45:00,20:45,Summer,0.0,199,0.0,51,49.0,,,,
2019-07-18 21:15:00,21:15,Summer,0.0,199,0.0,51,49.0,,,,
2019-07-18 21:45:00,21:45,Summer,0.0,199,0.0,51,49.0,,,,
2019-07-18 22:15:00,22:15,Summer,0.0,199,0.0,51,49.0,,,,
2019-07-18 22:45:00,22:45,Summer,0.0,199,0.0,51,49.0,,,,
2019-07-18 23:15:00,23:15,Summer,0.0,199,0.0,51,49.0,,,,
2019-07-18 23:45:00,23:45,Summer,0.0,199,0.0,51,49.0,,,,
2019-07-19 00:15:00,00:15,Summer,0.0,200,0.0,51,49.0,,,,
2019-07-19 00:45:00,00:45,Summer,0.0,200,0.0,51,49.0,,,,
2019-07-19 01:15:00,01:15,Summer,0.0,200,0.0,51,49.0,,,,
2019-07-19 01:45:00,01:45,Summer,0.0,200,0.0,51,49.0,,,,
2019-07-19 02:15:00,02:15,Summer,0.0,200,0.0,51,49.0,,,,
2019-07-19 02:45:00,02:45,Summer,0.0,200,0.0,51,49.0,,,,
2019-07-19 03:15:00,03:15,Summer,0.0,200,0.0,51,49.0,,,,
2019-07-19 03:45:00,03:45,Summer,0.0,200,0.0,51,49.0,,,,
2019-07-19 04:15:00,04:15,Summer,0.0,200,0.0,51,49.0,,,,
2019-07-19 04:45:00,04:45,Summer,0.0,200,0.0,51,49.0,1.1764705882352942,,,
2019-07-19 05:15:00,05:15,Summer,0.0,200,0.0,51,49.0,1.0119521912350598,,,
2019-07-19 05:45:00,05:45,Summer,1.1964,200,0.0,51,49.0,0.6815476190476191,0.7111202874620763,0.48466233877623655,37.39489408564174
2019-07-19 06:15:00,06:15,Summer,28.3037,200,0.0,51,49.0,0.4252185918085596,0.5387300226423288,0.22907802159296448,28.947771109474115
2019-07-19 06:45:00,06:45,Summer,92.229,200,0.0,51,49.0,0.2790898617511521,0.5274623326968542,0.14720938951130522,28.395654302145854
2019-07-19 07:15:00,07:15,Summer,192.459,200,0.0,51,49.0,0.23219056099732857,0.44332270126948536,0.10293534671061291,24.272812362204785
2019-07-19 07:45:00,07:45,Summer,312.636,200,0.0,51,49.0,0.18605059732958537,0.4000603378885108,0.0744314648320332,22.15295655653703
2019-07-19 08:15:00,08:15,Summer,422.1230000000001,200,0.1847301628504674,51,48.81526983714953,0.1673246279987853,0.38796533189712257,0.06491615483611131,21.500624335871816
2019-07-19 08:45:00,08:45,Summer,530.945,200,1.4075505264160242,51,47.592449473583976,0.1523542001070091,0.37981310214817116,0.057866121367946353,20.70768536298513
2019-07-19 09:15:00,09:15,Summer,633.784,200,2.4959285813785037,51,46.50407141862149,0.12350549976087996,0.37731876631891625,0.046600942803376434,20.213171481543167
2019-07-19 09:45:00,09:45,Summer,727.927,200,3.4497814435352083,51,45.55021855646479,0.11227644071538972,0.37557538800349366,0.04216826778533375,19.80301231570007
2019-07-19 10:15:00,10:15,Summer,806.8589999999999,200,4.269036473298009,51,44.73096352670199,0.11335989932885905,0.37476027965175984,0.04248278757377856,19.49474896999934
2019-07-19 10:45:00,10:45,Summer,872.85,200,4.953631281223991,51,44.04636871877601,0.10885923547707434,0.3772228940800843,0.04106419585400737,19.3687155669359
2019-07-19 11:15:00,11:15,Summer,927.857,200,5.503513732768376,51,43.496486267231624,0.11597912769518558,0.3743902852649702,0.04342145870258293,19.07363249587921
2019-07-19 11:45:00,11:45,Summer,982.974,200,5.9186419522531715,51,43.08135804774683,0.12443616395371643,0.369009970114817,0.045918185141763365,18.71922394265616
2019-07-19 12:15:00,12:15,Summer,1023.8,200,6.198984326057952,51,42.80101567394205,0.1252338288864822,0.3691127181867963,0.04622539898922958,18.63494976036443
2019-07-19 12:45:00,12:45,Summer,1031.34,200,6.344519505024724,51,42.65548049497528,0.15513754045307446,0.376111466063333,0.05834900778126546,18.96341172256814
2019-07-19 13:15:00,13:15,Summer,1029.96,200,6.355236406086513,51,42.64476359391349,0.17857142857142858,0.3791544048289998,0.06770614371946425,19.149238509005336
2019-07-19 13:45:00,13:45,Summer,1011.84,200,6.231134213109854,51,42.768865786890146,0.15984513274336284,0.37561808040400607,0.06004072192298549,18.988881064482378
2019-07-19 14:15:00,14:15,Summer,983.59,200,5.972222376957276,51,43.027777623042724,0.1844226714622349,0.37238662188953975,0.06867653562566609,18.98312029929472
2019-07-19 14:45:00,14:45,Summer,932.913,200,5.578520614767157,51,43.42147938523284,0.16009948946197147,0.3761372877248687,0.06021938773236215,19.21837258083642
2019-07-19 15:15:00,15:15,Summer,860.307,200,5.050058908453604,51,43.94994109154639,0.16157989228007183,0.3798619346508399,0.061378050482182395,19.55487242144632
2019-07-19 15:45:00,15:45,Summer,785.3510000000001,200,4.386877502420923,51,44.61312249757908,0.168115438108484,0.3751121208093666,0.06306213852966924,19.56156887276531
2019-07-19 16:15:00,16:15,Summer,696.498,200,3.5890269005011106,51,45.41097309949889,0.1933418693982074,0.37015127913835877,0.07156574026874797,19.615781146675925
2019-07-19 16:45:00,16:45,Summer,597.067,200,2.6565678621063995,51,46.3434321378936,0.23482118103687277,0.3661832434090945,0.08598758169323624,19.748620137029647
2019-07-19 17:15:00,17:15,Summer,487.893,200,1.5895713976030024,51,47.410428602397,0.29258353708231455,0.3636608493154214,0.1064011775910646,19.960449000525877
2019-07-19 17:45:00,17:45,Summer,377.571,200,0.3881187629024794,51,48.61188123709752,0.37464788732394366,0.35983117234566053,0.1348099885125996,20.094392501441227
2019-07-19 18:15:00,18:15,Summer,260.268,200,0.0,51,49.0,0.581532416502947,0.35142711916282876,0.20436626183142892,19.76992883897861
2019-07-19 18:45:00,18:45,Summer,136.248,200,0.0,51,49.0,1.375,0.34281549402013395,0.4713713042776842,19.347959206986562
2019-07-19 19:15:00,19:15,Summer,21.9097,200,0.0,51,49.0,,0.37989621140023455,,
2019-07-19 19:45:00,19:45,Summer,1.6586,200,0.0,51,49.0,,0.6982462707674022,,
2019-07-19 20:15:00,20:15,Summer,0.0,200,0.0,51,49.0,,,,
2019-07-19 20:45:00,20:45,Summer,0.0,200,0.0,51,49.0,,,,
2019-07-19 21:15:00,21:15,Summer,0.0,200,0.0,51,49.0,,,,
2019-07-19 21:45:00,21:45,Summer,0.0,200,0.0,51,49.0,,,,
2019-07-19 22:15:00,22:15,Summer,0.0,200,0.0,51,49.0,,,,
2019-07-19 22:45:00,22:45,Summer,0.0,200,0.0,51,49.0,,,,
2019-07-19 23:15:00,23:15,Summer,0.0,200,0.0,51,49.0,,,,
2019-07-19 23:45:00,23:45,Summer,0.0,200,0.0,51,49.0,,,,
2019-07-20 00:15:00,00:15,Summer,0.0,201,0.0,51,49.0,,,,
2019-07-20 00:45:00,00:45,Summer,0.0,201,0.0,51,49.0,,,,
2019-07-20 01:15:00,01:15,Summer,0.0,201,0.0,51,49.0,,,,
2019-07-20 01:45:00,01:45,Summer,0.0,201,0.0,51,49.0,,,,
2019-07-20 02:15:00,02:15,Summer,0.0,201,0.0,51,49.0,,,,
2019-07-20 02:45:00,02:45,Summer,0.0,201,0.0,51,49.0,,,,
2019-07-20 03:15:00,03:15,Summer,0.0,201,0.0,51,49.0,,,,
2019-07-20 03:45:00,03:45,Summer,0.0,201,0.0,51,49.0,,,,
2019-07-20 04:15:00,04:15,Summer,0.0,201,0.0,51,49.0,,,,
2019-07-20 04:45:00,04:45,Summer,0.0,201,0.0,51,49.0,0.7666666666666666,,,
2019-07-20 05:15:00,05:15,Summer,0.0,201,0.0,51,49.0,0.8015463917525775,,,
2019-07-20 05:45:00,05:45,Summer,1.10664,201,0.0,51,49.0,0.5779169929522318,0.7111202874620763,0.41096849815740977,37.39489408564174
2019-07-20 06:15:00,06:15,Summer,28.6509,201,0.0,51,49.0,0.4344076259645937,0.5387300226423288,0.2340284301719059,28.947771109474115
2019-07-20 06:45:00,06:45,Summer,95.4304,201,0.0,51,49.0,0.26944363530439847,0.5274623326968542,0.14212136840797845,28.395654302145854
2019-07-20 07:15:00,07:15,Summer,199.136,201,0.0,51,49.0,0.2205431449846693,0.44332270126948536,0.09777178278107135,24.272812362204785
2019-07-20 07:45:00,07:45,Summer,317.872,201,0.0,51,49.0,0.1944345976604041,0.4000603378885108,0.07778557083723792,22.15295655653703
2019-07-20 08:15:00,08:15,Summer,427.914,201,0.41739139428136696,51,48.58260860571863,0.18931741659014387,0.38796533189712257,0.07344859436130098,21.429024683354104
2019-07-20 08:45:00,08:45,Summer,537.351,201,1.6175445786591354,51,47.382455421340865,0.17424445038780426,0.37981310214817116,0.06618032523389504,20.653527007272892
2019-07-20 09:15:00,09:15,Summer,647.033,201,2.686201579313998,51,46.313798420686,0.1631077331403064,0.37731876631891625,0.061543608645575426,20.19038382237664
2019-07-20 09:45:00,09:45,Summer,741.08,201,3.623281013877886,51,45.376718986122114,0.1438340807174888,0.37557538800349366,0.05402054067359668,19.788110438920373
2019-07-20 10:15:00,10:15,Summer,821.4019999999999,201,4.428711520124125,51,44.571288479875875,0.1300547598989048,0.37476027965175984,0.04873935818975605,19.469401092255975
2019-07-20 10:45:00,10:45,Summer,880.32,201,5.102431761400798,51,43.897568238599206,0.12181504415795351,0.3772228940800843,0.04595142349975649,19.34363173678912
2019-07-20 11:15:00,11:15,Summer,935.327,201,5.644390431303465,51,43.355609568696536,0.11321126205946053,0.3743902852649702,0.042385196697648723,19.021157632930095
2019-07-20 11:45:00,11:45,Summer,980.94,201,6.054546257580796,51,42.945453742419204,0.11019337285006317,0.369009970114817,0.0406624532222527,18.643493306038213
2019-07-20 12:15:00,12:15,Summer,1016.66,201,6.332868005279352,51,42.66713199472065,0.11124179162991278,0.3691127181867963,0.041060760084486315,18.559013441617658
2019-07-20 12:45:00,12:45,Summer,1025.65,201,6.479334479119647,51,42.52066552088036,0.12493692602684428,0.376111466063333,0.04699021041340259,18.846975137559575
2019-07-20 13:15:00,13:15,Summer,1021.15,201,6.493934525112991,51,42.50606547488701,0.1393958464443046,0.3791544048289998,0.05285254919422496,19.00958295070589
2019-07-20 13:45:00,13:45,Summer,1007.27,201,6.376667031409397,51,42.6233329685906,0.14983388704318937,0.37561808040400607,0.056280317030633464,18.918975352209298
2019-07-20 14:15:00,14:15,Summer,973.759,201,6.12754092838259,51,42.87245907161741,0.15090973956475207,0.37238662188953975,0.056196768126748245,18.85947820251664
2019-07-20 14:45:00,14:45,Summer,919.722,201,5.746575187949482,51,43.25342481205052,0.14919673426389254,0.3761372877248687,0.05611845496342853,19.14171481449512
2019-07-20 15:15:00,15:15,Summer,845.895,201,5.233798822126801,51,43.7662011778732,0.16691616766467066,0.3798619346508399,0.06340509837360576,19.506963380929395
2019-07-20 15:45:00,15:45,Summer,762.9889999999999,201,4.58925088081946,51,44.41074911918054,0.17879053461875546,0.3751121208093666,0.06706649662148184,19.516795267522134
2019-07-20 16:15:00,16:15,Summer,671.435,201,3.812980448848979,51,45.187019551151025,0.2002572898799314,0.37015127913835877,0.07412549200583772,19.55867213908815
2019-07-20 16:45:00,16:45,Summer,572.076,201,2.9050466422140744,51,46.094953357785926,0.23471950879151546,0.3661832434090945,0.0859503510206666,19.678889303974692
2019-07-20 17:15:00,17:15,Summer,464.9980000000001,201,1.865518603589635,51,47.134481396410365,0.292326431181486,0.3636608493154214,0.10630767824080528,19.889284488123167
2019-07-20 17:45:00,17:45,Summer,354.841,201,0.6944754970602318,51,48.30552450293977,0.4084507042253521,0.35983117234566053,0.14697329574681908,20.033902865283203
2019-07-20 18:15:00,18:15,Summer,240.228,201,0.0,51,49.0,0.6326530612244898,0.35142711916282876,0.22233144273566718,19.76992883897861
2019-07-20 18:45:00,18:45,Summer,126.575,201,0.0,51,49.0,1.1818181818181817,0.34281549402013395,0.4051455838419764,19.347959206986562
2019-07-20 19:15:00,19:15,Summer,25.3164,201,0.0,51,49.0,,0.37989621140023455,,
2019-07-20 19:45:00,19:45,Summer,2.12986,201,0.0,51,49.0,,0.6982462707674022,,
2019-07-20 20:15:00,20:15,Summer,0.0,201,0.0,51,49.0,,,,
2019-07-20 20:45:00,20:45,Summer,0.0,201,0.0,51,49.0,,,,
2019-07-20 21:15:00,21:15,Summer,0.0,201,0.0,51,49.0,,,,
2019-07-20 21:45:00,21:45,Summer,0.0,201,0.0,51,49.0,,,,
2019-07-20 22:15:00,22:15,Summer,0.0,201,0.0,51,49.0,,,,
2019-07-20 22:45:00,22:45,Summer,0.0,201,0.0,51,49.0,,,,
2019-07-20 23:15:00,23:15,Summer,0.0,201,0.0,51,49.0,,,,
2019-07-20 23:45:00,23:45,Summer,0.0,201,0.0,51,49.0,,,,
2019-07-21 00:15:00,00:15,Summer,0.0,202,0.0,51,49.0,,,,
2019-07-21 00:45:00,00:45,Summer,0.0,202,0.0,51,49.0,,,,
2019-07-21 01:15:00,01:15,Summer,0.0,202,0.0,51,49.0,,,,
2019-07-21 01:45:00,01:45,Summer,0.0,202,0.0,51,49.0,,,,
2019-07-21 02:15:00,02:15,Summer,0.0,202,0.0,51,49.0,,,,
2019-07-21 02:45:00,02:45,Summer,0.0,202,0.0,51,49.0,,,,
2019-07-21 03:15:00,03:15,Summer,0.0,202,0.0,51,49.0,,,,
2019-07-21 03:45:00,03:45,Summer,0.0,202,0.0,51,49.0,,,,
2019-07-21 04:15:00,04:15,Summer,0.0,202,0.0,51,49.0,,,,
2019-07-21 04:45:00,04:45,Summer,0.0,202,0.0,51,49.0,1.0,,,
2019-07-21 05:15:00,05:15,Summer,0.0,202,0.0,51,49.0,1.0238095238095237,,,
2019-07-21 05:45:00,05:45,Summer,1.0521,202,0.0,51,49.0,0.5782805429864253,0.7111202874620763,0.4112270259622323,37.39489408564174
2019-07-21 06:15:00,06:15,Summer,27.8717,202,0.0,51,49.0,0.5126745990688049,0.5387300226423288,0.2761931983644841,28.947771109474115
2019-07-21 06:45:00,06:45,Summer,97.231,202,0.0,51,49.0,0.7181116659101224,0.5274623326968542,0.3787768544377772,28.395654302145854
2019-07-21 07:15:00,07:15,Summer,200.446,202,0.0,51,49.0,0.5355392156862745,0.44332270126948536,0.23741669173378077,24.272812362204785
2019-07-21 07:45:00,07:45,Summer,312.339,202,0.0,51,49.0,0.4793388429752066,0.4000603378885108,0.19176445948374898,22.15295655653703
2019-07-21 08:15:00,08:15,Summer,431.098,202,0.6577504980193041,51,48.342249501980696,0.2880229572572119,0.38796533189712257,0.11174292220628496,21.378615835420767
2019-07-21 08:45:00,08:45,Summer,544.81,202,1.8344865327484783,51,47.16551346725152,0.16802240298706494,0.37981310214817116,0.06381711010890728,20.581151613461863
2019-07-21 09:15:00,09:15,Summer,554.734,202,2.8827699846647192,51,46.11723001533528,0.14774513359932293,0.37731876631891625,0.05574701153931999,20.111602147032315
2019-07-21 09:45:00,09:45,Summer,738.192,202,3.802521022924555,51,45.19747897707545,0.14659803043867503,0.37557538800349366,0.055058612162553346,19.734422233836018
2019-07-21 10:15:00,10:15,Summer,816.1439999999999,202,4.593669604925793,51,44.40633039507421,0.13770872965546396,0.37476027965175984,0.05160776203617027,19.428797805010255
2019-07-21 10:45:00,10:45,Summer,878.797,202,5.2561554816403415,51,43.74384451835966,0.13120747435767238,0.3772228940800843,0.04949446320213963,19.311330221475636
2019-07-21 11:15:00,11:15,Summer,927.472,202,5.78992820220412,51,43.21007179779588,0.12950640579998016,0.3743902852649702,0.04848594021109556,19.008161219335246
2019-07-21 11:45:00,11:45,Summer,976.181,202,6.194947117757524,51,42.80505288224248,0.1310392427529087,0.369009970114817,0.0483547870521191,18.645046633517765
2019-07-21 12:15:00,12:15,Summer,1015.77,202,6.47118138454276,51,42.52881861545724,0.14241640127388536,0.3691127181867963,0.052567704988585345,18.588102994374914
2019-07-21 12:45:00,12:45,Summer,1024.12,202,6.618609966250098,51,42.3813900337499,0.16990736027690118,0.376111466063333,0.06390410636869621,18.913083094691764
2019-07-21 13:15:00,13:15,Summer,1024.0,202,6.6372216356226055,51,42.36277836437739,0.1885670227998678,0.3791544048289998,0.07149601730006032,19.08656893053315
2019-07-21 13:45:00,13:45,Summer,1012.74,202,6.5270149753096405,51,42.47298502469036,0.16662958843159068,0.37561808040400607,0.06258908614518367,18.912141006562848
2019-07-21 14:15:00,14:15,Summer,983.208,202,6.287998377975136,51,42.712001622024864,0.15044353871973148,0.37238662188953975,0.05602316116894898,18.807651544725772
2019-07-21 14:45:00,14:45,Summer,931.25,202,5.920190045658003,51,43.079809954342,0.15216816499206767,0.3761372877248687,0.057236120858186655,19.092771584885714
2019-07-21 15:15:00,15:15,Summer,859.6080000000001,202,5.423617988387388,51,43.57638201161261,0.16339673506065597,0.3798619346508399,0.062068199895771496,19.43964298147675
2019-07-21 15:45:00,15:45,Summer,779.8330000000001,202,4.798320022047395,51,44.20167997795261,0.18572946175637398,0.3751121208093666,0.06966937229621559,19.46488186387913
2019-07-21 16:15:00,16:15,Summer,688.785,202,4.044343765499406,51,44.955656234500594,0.2302397868561279,0.37015127913835877,0.08522355161333882,19.53506699934585
2019-07-21 16:45:00,16:45,Summer,585.311,202,3.1617466369543514,51,45.83825336304565,0.2878918607995398,0.3661832434090945,0.10542117533865505,19.668515335278663
2019-07-21 17:15:00,17:15,Summer,477.041,202,2.150595849601011,51,46.84940415039899,0.3444160272804774,0.3636608493154214,0.12525062499866177,19.856657577537582
2019-07-21 17:45:00,17:45,Summer,364.74,202,1.0109684064863984,51,47.9890315935136,0.4474708171206226,0.35983117234566053,0.16101394871498428,19.980729513181412
2019-07-21 18:15:00,18:15,Summer,252.23,202,0.0,51,49.0,0.6477024070021882,0.35142711916282876,0.227620190967609,19.76992883897861
2019-07-21 18:45:00,18:45,Summer,133.638,202,0.0,51,49.0,1.2777777777777777,0.34281549402013395,0.4380420201368378,19.347959206986562
2019-07-21 19:15:00,19:15,Summer,22.0364,202,0.0,51,49.0,,0.37989621140023455,,
2019-07-21 19:45:00,19:45,Summer,1.93941,202,0.0,51,49.0,,0.6982462707674022,,
2019-07-21 20:15:00,20:15,Summer,0.0,202,0.0,51,49.0,,,,
2019-07-21 20:45:00,20:45,Summer,0.0,202,0.0,51,49.0,,,,
2019-07-21 21:15:00,21:15,Summer,0.0,202,0.0,51,49.0,,,,
2019-07-21 21:45:00,21:45,Summer,0.0,202,0.0,51,49.0,,,,
2019-07-21 22:15:00,22:15,Summer,0.0,202,0.0,51,49.0,,,,
2019-07-21 22:45:00,22:45,Summer,0.0,202,0.0,51,49.0,,,,
2019-07-21 23:15:00,23:15,Summer,0.0,202,0.0,51,49.0,,,,
2019-07-21 23:45:00,23:45,Summer,0.0,202,0.0,51,49.0,,,,
2019-07-22 00:15:00,00:15,Summer,0.0,203,0.0,51,49.0,,,,
2019-07-22 00:45:00,00:45,Summer,0.0,203,0.0,51,49.0,,,,
2019-07-22 01:15:00,01:15,Summer,0.0,203,0.0,51,49.0,,,,
2019-07-22 01:45:00,01:45,Summer,0.0,203,0.0,51,49.0,,,,
2019-07-22 02:15:00,02:15,Summer,0.0,203,0.0,51,49.0,,,,
2019-07-22 02:45:00,02:45,Summer,0.0,203,0.0,51,49.0,,,,
2019-07-22 03:15:00,03:15,Summer,0.0,203,0.0,51,49.0,,,,
2019-07-22 03:45:00,03:45,Summer,0.0,203,0.0,51,49.0,,,,
2019-07-22 04:15:00,04:15,Summer,0.0,203,0.0,51,49.0,,,,
2019-07-22 04:45:00,04:45,Summer,0.0,203,0.0,51,49.0,1.0625,,,
2019-07-22 05:15:00,05:15,Summer,0.0,203,0.0,51,49.0,0.9679300291545191,,,
2019-07-22 05:45:00,05:45,Summer,1.01301,203,0.0,51,49.0,0.8229623137598598,0.7111202874620763,0.585225197131367,37.39489408564174
2019-07-22 06:15:00,06:15,Summer,25.8438,203,0.0,51,49.0,0.8058035714285715,0.5387300226423288,0.43411057628098376,28.947771109474115
2019-07-22 06:45:00,06:45,Summer,88.3473,203,0.0,51,49.0,0.4576785221946512,0.5274623326968542,0.24140818094203967,28.395654302145854
2019-07-22 07:15:00,07:15,Summer,190.73,203,0.0,51,49.0,0.24983240223463687,0.44332270126948536,0.11075637542330383,24.272812362204785
2019-07-22 07:45:00,07:45,Summer,307.732,203,0.0,51,49.0,0.186659494351802,0.4000603378885108,0.07467506038048048,22.15295655653703
2019-07-22 08:15:00,08:15,Summer,417.436,203,0.9057358586082458,51,48.094264141391754,0.16880930517294154,0.38796533189712257,0.06549215810874291,21.268225746019663
2019-07-22 08:45:00,08:45,Summer,521.013,203,2.0583117504126776,51,46.94168824958732,0.1538357826614534,0.37981310214817116,0.058428845834038456,20.499333014091366
2019-07-22 09:15:00,09:15,Summer,628.2769999999999,203,3.0855752294972127,51,45.91442477050279,0.12873674059787849,0.37731876631891625,0.04857478814230985,20.024255273718786
2019-07-22 09:45:00,09:45,Summer,722.4680000000001,203,3.9874480657706854,51,45.012551934229315,0.12892765291289277,0.37557538800349366,0.04842205326713946,19.648687080366287
2019-07-22 10:15:00,10:15,Summer,798.841,203,4.763861578125205,51,44.2361384218748,0.12404983108108107,0.37476027965175984,0.046488949386699514,19.349414525486463
2019-07-22 10:45:00,10:45,Summer,859.752,203,5.414756639665299,51,43.5852433603347,0.12077001013171226,0.3772228940800843,0.0455572127399656,19.23803285973861
2019-07-22 11:15:00,11:15,Summer,916.331,203,5.940083682212313,51,43.05991631778769,0.11569188282868133,0.3743902852649702,0.04331391701507151,18.928502645376202
2019-07-22 11:45:00,11:45,Summer,962.368,203,6.339802700077735,51,42.66019729992227,0.1110568470404376,0.369009970114817,0.04098108380743768,18.55185011651102
2019-07-22 12:15:00,12:15,Summer,999.33,203,6.613883253111499,51,42.386116746888504,0.11216242854326827,0.3691127181867963,0.04140057887803806,18.469073361137482
2019-07-22 12:45:00,12:45,Summer,1010.46,203,6.762304469017517,51,42.237695530982485,0.12213354884331752,0.376111466063333,0.04593582811097784,18.746713645017397
2019-07-22 13:15:00,13:15,Summer,1007.67,203,6.785055044945912,51,42.21494495505409,0.1351806975028975,0.3791544048289998,0.051254356906080156,18.903745962223578
2019-07-22 13:45:00,13:45,Summer,995.494,203,6.682133248352288,51,42.31786675164771,0.13224617446665923,0.37561808040400607,0.049674054193939825,18.777284525156205
2019-07-22 14:15:00,14:15,Summer,963.575,203,6.453546917130005,51,42.546453082869995,0.1328134373125375,0.37238662188953975,0.049457947262353995,18.712909119994297
2019-07-22 14:45:00,14:45,Summer,914.816,203,6.09931345901283,51,42.90068654098717,0.13754598003152915,0.3761372877248687,0.05173617186651833,19.002103006444948
2019-07-22 15:15:00,15:15,Summer,845.046,203,5.6194598502506565,51,43.38054014974934,0.15166442752649648,0.3798619346508399,0.05761154285792705,19.35236165948334
2019-07-22 15:45:00,15:45,Summer,762.66,203,5.01402263355304,51,43.98597736644696,0.16593886462882096,0.3751121208093666,0.062245679435615424,19.361774501331784
2019-07-22 16:15:00,16:15,Summer,674.553,203,4.283047915308369,51,44.71695208469163,0.18489193237748772,0.37015127913835877,0.06843798527189,19.39516018346398
2019-07-22 16:45:00,16:45,Summer,574.056,203,3.426591362071367,51,45.57340863792864,0.21945764607212748,0.3661832434090945,0.08036171262961678,19.513585338582658
2019-07-22 17:15:00,17:15,Summer,465.797,203,2.444718196324814,51,46.555281803675186,0.26658624849215923,0.3636608493154214,0.09694698154247061,19.717341370698946
2019-07-22 17:45:00,17:45,Summer,351.405,203,1.3375031915114803,51,47.66249680848852,0.3565340909090909,0.35983117234566053,0.12829207991301247,19.87204316984903
2019-07-22 18:15:00,18:15,Summer,236.909,203,0.10503066634068148,51,48.89496933365932,0.5551102204408818,0.35142711916282876,0.1950807855873819,19.753507679383258
2019-07-22 18:45:00,18:45,Summer,123.845,203,0.0,51,49.0,0.0,0.34281549402013395,0.0,19.347959206986562
2019-07-22 19:15:00,19:15,Summer,25.4114,203,0.0,51,49.0,,0.37989621140023455,,
2019-07-22 19:45:00,19:45,Summer,2.26535,203,0.0,51,49.0,,0.6982462707674022,,
2019-07-22 20:15:00,20:15,Summer,0.0,203,0.0,51,49.0,,,,
2019-07-22 20:45:00,20:45,Summer,0.0,203,0.0,51,49.0,,,,
2019-07-22 21:15:00,21:15,Summer,0.0,203,0.0,51,49.0,,,,
2019-07-22 21:45:00,21:45,Summer,0.0,203,0.0,51,49.0,,,,
2019-07-22 22:15:00,22:15,Summer,0.0,203,0.0,51,49.0,,,,
2019-07-22 22:45:00,22:45,Summer,0.0,203,0.0,51,49.0,,,,
2019-07-22 23:15:00,23:15,Summer,0.0,203,0.0,51,49.0,,,,
2019-07-22 23:45:00,23:45,Summer,0.0,203,0.0,51,49.0,,,,
2019-07-23 00:15:00,00:15,Summer,0.0,204,0.0,51,49.0,,,,
2019-07-23 00:45:00,00:45,Summer,0.0,204,0.0,51,49.0,,,,
2019-07-23 01:15:00,01:15,Summer,0.0,204,0.0,51,49.0,,,,
2019-07-23 01:45:00,01:45,Summer,0.0,204,0.0,51,49.0,,,,
2019-07-23 02:15:00,02:15,Summer,0.0,204,0.0,51,49.0,,,,
2019-07-23 02:45:00,02:45,Summer,0.0,204,0.0,51,49.0,,,,
2019-07-23 03:15:00,03:15,Summer,0.0,204,0.0,51,49.0,,,,
2019-07-23 03:45:00,03:45,Summer,0.0,204,0.0,51,49.0,,,,
2019-07-23 04:15:00,04:15,Summer,0.0,204,0.0,51,49.0,,,,
2019-07-23 04:45:00,04:45,Summer,0.0,204,0.0,51,49.0,,,,
2019-07-23 05:15:00,05:15,Summer,0.0,204,0.0,51,49.0,0.7091988130563798,,,
2019-07-23 05:45:00,05:45,Summer,0.956535,204,0.0,51,49.0,0.39902676399026765,0.7111202874620763,0.28375602711382125,37.39489408564174
2019-07-23 06:15:00,06:15,Summer,24.5172,204,0.0,51,49.0,0.2797327394209354,0.5387300226423288,0.1507004250420412,28.947771109474115
2019-07-23 06:45:00,06:45,Summer,90.6765,204,0.0,51,49.0,0.21960667461263408,0.5274623326968542,0.11583424886697899,28.395654302145854
2019-07-23 07:15:00,07:15,Summer,191.527,204,0.0,51,49.0,0.18308279111509984,0.44332270126948536,0.081164757513103,24.272812362204785
2019-07-23 07:45:00,07:45,Summer,307.27,204,0.0,51,49.0,0.15917773330907767,0.4000603378885108,0.06368069777195687,22.15295655653703
2019-07-23 08:15:00,08:15,Summer,414.2480000000001,204,1.1612735883342893,51,47.83872641166571,0.14426481909160893,0.38796533189712257,0.055969748419954404,21.17476356042334
2019-07-23 08:45:00,08:45,Summer,523.725,204,2.2889535424987564,51,46.71104645750124,0.1360562618339194,0.37981310214817116,0.05167595087382475,20.40975131042552
2019-07-23 09:15:00,09:15,Summer,627.2230000000001,204,3.2945568875997395,51,45.70544311240026,0.13134765624999997,0.37731876631891625,0.04955993561513108,19.958799436460104
2019-07-23 09:45:00,09:45,Summer,719.189,204,4.178007043049117,51,44.82199295695088,0.1254637436762226,0.37557538800349366,0.047121094211568175,19.5809096593888
2019-07-23 10:15:00,10:15,Summer,796.847,204,4.939236730697473,51,44.06076326930253,0.12150127226463103,0.37476027965175984,0.04553385077193774,19.287126432696656
2019-07-23 10:45:00,10:45,Summer,860.3919999999999,204,5.5781879799563825,51,43.42181202004362,0.1268869849041208,0.3772228940800843,0.047864675666628415,19.196699754870345
2019-07-23 11:15:00,11:15,Summer,915.86,204,6.094812132214733,51,42.905187867785266,0.12424332638682148,0.3743902852649702,0.04651549440823089,18.896788724822517
2019-07-23 11:45:00,11:45,Summer,962.153,204,6.489069844542803,51,42.510930155457196,0.1253578126542296,0.369009970114817,0.04625828270119609,18.537130293555002
2019-07-23 12:15:00,12:15,Summer,998.724,204,6.760931092690084,51,42.239068907309914,0.12595837897042717,0.3691127181867963,0.046492839640176975,18.455312423167282
2019-07-23 12:45:00,12:45,Summer,1013.88,204,6.91037517336915,51,42.08962482663085,0.12822859467154768,0.376111466063333,0.04822824473315669,18.713665764658966
2019-07-23 13:15:00,13:15,Summer,1011.92,204,6.937390705835016,51,42.062609294164986,0.14212438555246848,0.3791544048289998,0.053887086815833485,18.87205936772457
2019-07-23 13:45:00,13:45,Summer,997.566,204,6.841975632750325,51,42.15802436724967,0.14015024105841462,0.37561808040400607,0.05264296451452041,18.745498066895724
2019-07-23 14:15:00,14:15,Summer,969.726,204,6.62413722034238,51,42.37586277965762,0.140628749700024,0.37238662188953975,0.052368265041341566,18.67709896379649
2019-07-23 14:45:00,14:45,Summer,918.387,204,6.283892057849332,51,42.71610794215067,0.1414931706670203,0.3761372877248687,0.05322085744628497,18.95155510694192
2019-07-23 15:15:00,15:15,Summer,847.043,204,5.821266056258178,51,43.17873394374182,0.1490909090909091,0.3798619346508399,0.05663396116612523,19.281638767411465
2019-07-23 15:45:00,15:45,Summer,762.6410000000001,204,5.236294446329513,51,43.76370555367049,0.16270470153195987,0.3751121208093666,0.06103250565730847,19.285880575132932
2019-07-23 16:15:00,16:15,Summer,667.6489999999999,204,4.529021775916526,51,44.470978224083474,0.18722943722943722,0.37015127913835877,0.06930321568283124,19.32486524714718
2019-07-23 16:45:00,16:45,Summer,563.3290000000001,204,3.6995019065712214,51,45.30049809342878,0.22266401590457258,0.3661832434090945,0.0815358315344306,19.43992528411475
2019-07-23 17:15:00,17:15,Summer,454.092,204,2.747798009443624,51,46.25220199055637,0.27448559670781897,0.3636608493154214,0.09981966522361568,19.644399335998937
2019-07-23 17:45:00,17:45,Summer,345.332,204,1.6739825604699021,51,47.3260174395301,0.37581937363437723,0.35983117234566053,0.13523152580506978,19.805751553540716
2019-07-23 18:15:00,18:15,Summer,233.09,204,0.478137334853848,51,48.52186266514615,0.5761316872427983,0.35142711916282876,0.20246829910615646,19.698706065753736
2019-07-23 18:45:00,18:45,Summer,119.763,204,0.0,51,49.0,0.0,0.34281549402013395,0.0,19.347959206986562
2019-07-23 19:15:00,19:15,Summer,22.814,204,0.0,51,49.0,,0.37989621140023455,,
2019-07-23 19:45:00,19:45,Summer,1.61136,204,0.0,51,49.0,,0.6982462707674022,,
2019-07-23 20:15:00,20:15,Summer,0.0,204,0.0,51,49.0,,,,
2019-07-23 20:45:00,20:45,Summer,0.0,204,0.0,51,49.0,,,,
2019-07-23 21:15:00,21:15,Summer,0.0,204,0.0,51,49.0,,,,
2019-07-23 21:45:00,21:45,Summer,0.0,204,0.0,51,49.0,,,,
2019-07-23 22:15:00,22:15,Summer,0.0,204,0.0,51,49.0,,,,
2019-07-23 22:45:00,22:45,Summer,0.0,204,0.0,51,49.0,,,,
2019-07-23 23:15:00,23:15,Summer,0.0,204,0.0,51,49.0,,,,
2019-07-23 23:45:00,23:45,Summer,0.0,204,0.0,51,49.0,,,,
2018-03-23 00:45:00,00:45,Spring,0.0,82,49.0,51,0.0,,,,
2018-03-23 01:15:00,01:15,Spring,0.0,82,49.0,51,0.0,,,,
2018-03-23 01:45:00,01:45,Spring,0.0,82,49.0,51,0.0,,,,
2018-03-23 02:15:00,02:15,Spring,0.0,82,49.0,51,0.0,,,,
2018-03-23 02:45:00,02:45,Spring,0.0,82,49.0,51,0.0,,,,
2018-03-23 03:15:00,03:15,Spring,0.0,82,49.0,51,0.0,,,,
2018-03-23 03:45:00,03:45,Spring,0.0,82,46.58028537524289,51,2.4197146247571126,,,,
2018-03-23 04:15:00,04:15,Spring,0.0,82,43.53535565256034,51,5.464644347439659,,,,
2018-03-23 04:45:00,04:45,Spring,0.0,82,40.683060196239566,51,8.316939803760434,,,,
2018-03-23 05:15:00,05:15,Spring,0.0258005,82,38.023616219624245,51,10.976383780375755,,,,
2018-03-23 05:45:00,05:45,Spring,7.13179,82,35.55722624966583,51,13.442773750334169,1.05,0.4957541783207843,0.5205418872368235,27.723336911856894
2018-03-23 06:15:00,06:15,Spring,61.4494,82,33.284078111511676,51,15.715921888488324,0.937308868501529,0.5538774029117318,0.5191542018117608,28.534263004981693
2018-03-23 06:45:00,06:45,Spring,148.838,82,31.204344914195055,51,17.795655085804945,0.8267457180500658,0.4952022207666391,0.40940631558770224,24.137703800136197
2018-03-23 07:15:00,07:15,Spring,216.881,82,29.318185037447847,51,19.681814962552153,0.7620865139949109,0.4517499188768359,0.3442725208743317,21.534703782984113
2018-03-23 07:45:00,07:45,Spring,281.328,82,27.625742119648013,51,21.374257880351987,0.5594029850746269,0.4342732929326174,0.24293377640469407,18.543495212799716
2018-03-23 08:15:00,08:15,Spring,479.54,82,26.12714504687858,51,22.87285495312142,0.43538684920141046,0.4267717724188276,0.18581081732153476,17.166195024061185
2018-03-23 08:45:00,08:45,Spring,603.439,82,24.822507943105734,51,24.177492056894266,0.3014386082301773,0.41305981286954707,0.12451217510721375,15.627454800287891
2018-03-23 09:15:00,09:15,Spring,673.703,82,23.711930161497925,51,25.288069838502075,0.22979659153380977,0.4115695271600066,0.09457727452055126,15.200408674517654
2018-03-23 09:45:00,09:45,Spring,801.5830000000001,82,22.795496276851548,51,26.204503723148452,0.2523945120372767,0.40240300093680026,0.1015643090637795,15.409979765378878
2018-03-23 10:15:00,10:15,Spring,829.143,82,22.07327607915597,51,26.92672392084403,0.20091064314171883,0.40016882483606087,0.08039817596307881,15.099886602382806
2018-03-23 10:45:00,10:45,Spring,880.655,82,21.54532456827596,51,27.45467543172404,0.29797155514105855,0.3983116815763318,0.1186855511901497,16.04263666029891
2018-03-23 11:15:00,11:15,Spring,881.133,82,21.211681949762124,51,27.788318050237876,0.24938032115529693,0.39755880202693183,0.09914334172759137,15.700487466558185
2018-03-23 11:45:00,11:45,Spring,770.924,82,21.07237363179174,51,27.92762636820826,0.30153945526967385,0.397904500434458,0.11998390631035817,16.190873921935868
2018-03-23 12:15:00,12:15,Spring,772.533,82,21.127410223233216,51,27.872589776766784,0.5924083025305659,0.39545727356819593,0.23427217215790055,18.521982645472843
2018-03-23 12:45:00,12:45,Spring,803.683,82,21.376787532836396,51,27.623212467163604,0.3687011663458272,0.3933148265168338,0.14501563527786332,16.514587443634273
2018-03-23 13:15:00,13:15,Spring,710.553,82,21.820486569553747,51,27.179513430446253,0.4659105894764605,0.39300257167792185,0.1831040598362255,17.227038353607117
2018-03-23 13:45:00,13:45,Spring,574.825,82,22.458473543985647,51,26.541526456014353,0.601718363186253,0.39282187437938343,0.2363681352753185,18.284559684063513
2018-03-23 14:15:00,14:15,Spring,602.927,82,23.290699870954544,51,25.709300129045456,0.5815934524803741,0.39210278105492946,0.22804441016089264,17.942001993880787
2018-03-23 14:45:00,14:45,Spring,449.21,82,24.317102173203477,51,24.682897826796523,0.6532356532356532,0.3915276297968401,0.25575980701014583,18.433373841507738
2018-03-23 15:15:00,15:15,Spring,372.83,82,25.537602286221876,51,23.462397713778124,0.7517601043024772,0.39080588685560347,0.2937922742645906,19.221993401225678
2018-03-23 15:45:00,15:45,Spring,318.918,82,26.952107264202784,51,22.047892735797216,0.7836021505376343,0.3881125394232349,0.30412582054266923,19.30389537570106
2018-03-23 16:15:00,16:15,Spring,200.122,82,28.56050938711488,51,20.43949061288512,0.9816076294277928,0.3836152838916661,0.3765596894331681,21.14563753892803
2018-03-23 16:45:00,16:45,Spring,106.858,82,30.36268616890781,51,18.63731383109219,0.9966923925027563,0.3767679935903112,0.37552179294999044,20.9737936869797
2018-03-23 17:15:00,17:15,Spring,47.1301,82,32.35850036684464,51,16.641499633155362,1.0078947368421052,0.38221260459963124,0.3852300725306809,21.376058362535744
2018-03-23 17:45:00,17:45,Spring,6.83649,82,34.5477999919463,51,14.452200008053701,1.2272727272727273,0.45359851154810127,0.5566890823544879,28.337879487131584
2018-03-23 18:15:00,18:15,Spring,0.000630933,82,36.93041832056864,51,12.069581679431359,,,,
2018-03-23 18:45:00,18:45,Spring,0.0,82,39.50617390710367,51,9.493826092896327,,,,
2018-03-23 19:15:00,19:15,Spring,0.0,82,42.2748705977897,51,6.7251294022103,,,,
2018-03-23 19:45:00,19:45,Spring,0.0,82,45.23629754565311,51,3.763702454346891,,,,
2018-03-23 20:15:00,20:15,Spring,0.0,82,48.39022922656842,51,0.6097707734315776,,,,
2018-03-23 20:45:00,20:45,Spring,0.0,82,49.0,51,0.0,,,,
2018-03-23 21:15:00,21:15,Spring,0.0,82,49.0,51,0.0,,,,
2018-03-23 21:45:00,21:45,Spring,0.0,82,49.0,51,0.0,,,,
2018-03-23 22:15:00,22:15,Spring,0.0,82,49.0,51,0.0,,,,
2018-03-23 22:45:00,22:45,Spring,0.0,82,49.0,51,0.0,,,,
2018-03-23 23:15:00,23:15,Spring,0.0,82,49.0,51,0.0,,,,
2018-03-23 23:45:00,23:45,Spring,0.0,82,49.0,51,0.0,,,,
2018-03-24 00:15:00,00:15,Spring,0.0,83,49.0,51,0.0,,,,
2018-03-24 00:45:00,00:45,Spring,0.000478721,83,49.0,51,0.0,,,,
2018-03-24 01:15:00,01:15,Spring,0.0004787269999999,83,49.0,51,0.0,,,,
2018-03-24 01:45:00,01:45,Spring,0.0,83,49.0,51,0.0,,,,
2018-03-24 02:15:00,02:15,Spring,8.704229999999999e-05,83,49.0,51,0.0,,,,
2018-03-24 02:45:00,02:45,Spring,0.0,83,49.0,51,0.0,,,,
2018-03-24 03:15:00,03:15,Spring,0.0,83,48.47062197772338,51,0.5293780222766173,,,,
2018-03-24 03:45:00,03:45,Spring,0.000261131,83,45.34609620639552,51,3.653903793604478,,,,
2018-03-24 04:15:00,04:15,Spring,0.0,83,42.40764050414569,51,6.592359495854311,,,,
2018-03-24 04:45:00,04:45,Spring,0.0,83,39.65547864575381,51,9.34452135424619,,,,
2018-03-24 05:15:00,05:15,Spring,0.0,83,37.089820219002384,51,11.910179780997616,,,,
2018-03-24 05:45:00,05:45,Spring,4.50976,83,34.71086060871019,51,14.289139391289808,0.0,0.4957541783207843,0.0,9.63390055784003
2018-03-24 06:15:00,06:15,Spring,36.1388,83,32.51878098186417,51,16.481219018135832,1.0,0.5538774029117318,0.5538774029117318,29.689992742674857
2018-03-24 06:45:00,06:45,Spring,60.0816,83,30.513748273816553,51,18.486251726183447,1.0,0.4952022207666391,0.4952022207666391,26.814908817565318
2018-03-24 07:15:00,07:15,Spring,76.7572,83,28.695915175567798,51,20.304084824432202,1.0035587188612098,0.4517499188768359,0.4533575698336929,24.73187904045485
2018-03-24 07:45:00,07:45,Spring,127.29,83,27.06542012214715,51,21.93457987785285,1.0018281535648994,0.4342732929326174,0.43506721120123276,23.850879085180974
2018-03-24 08:15:00,08:15,Spring,247.361,83,25.62238728206786,51,23.37761271793214,1.010028653295129,0.4267717724188276,0.43105171856056373,23.57147928611251
2018-03-24 08:45:00,08:45,Spring,445.067,83,24.366926547864725,51,24.633073452135275,1.0066006600660067,0.41305981286954707,0.41578628028122727,22.85636646176337
2018-03-24 09:15:00,09:15,Spring,622.835,83,23.299133527735236,51,25.700866472264764,0.9855233853006682,0.4115695271600066,0.405611393693325,22.578087483624042
2018-03-24 09:45:00,09:45,Spring,623.495,83,22.419089538250574,51,26.580910461749426,1.009122006841505,0.40240300093680026,0.4060737238643879,22.35004131188691
2018-03-24 10:15:00,10:15,Spring,513.056,83,21.726861598168686,51,27.273138401831314,0.9542009884678748,0.40016882483606087,0.3818414882125971,21.76007691068594
2018-03-24 10:45:00,10:45,Spring,558.433,83,21.222502423327782,51,27.777497576672218,,0.3983116815763318,,
2018-03-24 11:15:00,11:15,Spring,807.5,83,20.90605042263077,51,28.09394957736923,,0.39755880202693183,,
2018-03-24 11:45:00,11:45,Spring,888.3580000000001,83,20.777529695122816,51,28.222470304877184,,0.397904500434458,,
2018-03-24 12:15:00,12:15,Spring,873.7,83,20.83695002815554,51,28.16304997184446,,0.39545727356819593,,
2018-03-24 12:45:00,12:45,Spring,846.482,83,21.0843068966399,51,27.9156931033601,,0.3933148265168338,,
2018-03-24 13:15:00,13:15,Spring,799.9960000000001,83,21.519581463392775,51,27.480418536607225,,0.39300257167792185,,
2018-03-24 13:45:00,13:45,Spring,735.9839999999999,83,22.142740580570553,51,26.857259419429447,,0.39282187437938343,,
2018-03-24 14:15:00,14:15,Spring,569.476,83,22.953736792194405,51,26.046263207805595,,0.39210278105492946,,
2018-03-24 14:45:00,14:45,Spring,464.652,83,23.95250833776285,51,25.04749166223715,,0.3915276297968401,,
2018-03-24 15:15:00,15:15,Spring,441.17,83,25.138979156954452,51,23.861020843045548,,0.39080588685560347,,
2018-03-24 15:45:00,15:45,Spring,346.122,83,26.513058895424678,51,22.486941104575322,,0.3881125394232349,,
2018-03-24 16:15:00,16:15,Spring,249.997,83,28.074642911680726,51,20.925357088319274,,0.3836152838916661,,
2018-03-24 16:45:00,16:45,Spring,122.914,83,29.823612285052356,51,19.176387714947644,,0.3767679935903112,,
2018-03-24 17:15:00,17:15,Spring,41.6862,83,31.759833824752747,51,17.240166175247253,,0.38221260459963124,,
2018-03-24 17:45:00,17:45,Spring,5.96291,83,33.883160080014484,51,15.116839919985516,,0.45359851154810127,,
2018-03-24 18:15:00,18:15,Spring,0.00584241,83,36.19342935132099,51,12.806570648679013,,,,
2018-03-24 18:45:00,18:45,Spring,0.000632237,83,38.69046570272505,51,10.30953429727495,,,,
2018-03-24 19:15:00,19:15,Spring,0.000218017,83,41.37407897523952,51,7.62592102476048,,,,
2018-03-24 19:45:00,19:45,Spring,0.000261624,83,44.24406480132254,51,4.755935198677463,,,,
2018-03-24 20:15:00,20:15,Spring,0.00159158,83,47.300204620444006,51,1.6997953795559937,,,,
2018-03-24 20:45:00,20:45,Spring,0.0039245,83,49.0,51,0.0,,,,
2018-03-24 21:15:00,21:15,Spring,0.00237655,83,49.0,51,0.0,,,,
2018-03-24 21:45:00,21:45,Spring,0.00885244,83,49.0,51,0.0,,,,
2018-03-24 22:15:00,22:15,Spring,0.00518941,83,49.0,51,0.0,,,,
2018-03-24 22:45:00,22:45,Spring,0.00682484,83,49.0,51,0.0,,,,
2018-03-24 23:15:00,23:15,Spring,0.00071957,83,49.0,51,0.0,,,,
2018-03-24 23:45:00,23:45,Spring,0.000283476,83,49.0,51,0.0,,,,
2018-03-25 00:15:00,00:15,Spring,0.000872242,84,49.0,51,0.0,,,,
2018-03-25 00:45:00,00:45,Spring,2.18066e-05,84,49.0,51,0.0,,,,
2018-03-25 01:15:00,01:15,Spring,0.0,84,49.0,51,0.0,,,,
2018-03-25 01:45:00,01:45,Spring,0.0,84,49.0,51,0.0,,,,
2018-03-25 02:15:00,02:15,Spring,2.18082e-05,84,49.0,51,0.0,,,,
2018-03-25 02:45:00,02:45,Spring,6.54252e-05,84,49.0,51,0.0,,,,
2018-03-25 03:15:00,03:15,Spring,0.0,84,47.124128158559216,51,1.8758718414407838,,,,
2018-03-25 03:45:00,03:45,Spring,0.000174471,84,44.1123667073968,51,4.887633292603198,,,,
2018-03-25 04:15:00,04:15,Spring,0.000937784,84,41.28034536966785,51,7.719654630332151,,,,
2018-03-25 04:45:00,04:45,Spring,0.000545232,84,38.62827981476334,51,10.371720185236661,,,,
2018-03-25 05:15:00,05:15,Spring,0.0011559,84,36.156372007744665,51,12.843627992255335,,,,
2018-03-25 05:45:00,05:45,Spring,5.2122,84,33.86481019395803,51,15.135189806041971,,0.4957541783207843,,
2018-03-25 06:15:00,06:15,Spring,44.4399,84,31.75376888470976,51,17.24623111529024,,0.5538774029117318,,
2018-03-25 06:45:00,06:45,Spring,134.569,84,29.823408843970416,51,19.176591156029584,,0.4952022207666391,,
2018-03-25 07:15:00,07:15,Spring,247.974,84,28.073877076127776,51,20.926122923872224,,0.4517499188768359,,
2018-03-25 07:45:00,07:45,Spring,354.533,84,26.505306814800342,51,22.494693185199658,,0.4342732929326174,,
2018-03-25 08:15:00,08:15,Spring,467.867,84,25.117817512688635,51,23.882182487311365,,0.4267717724188276,,
2018-03-25 08:45:00,08:45,Spring,586.927,84,23.91151483247206,51,25.08848516752794,,0.41305981286954707,,
2018-03-25 09:15:00,09:15,Spring,678.487,84,22.886490638771928,51,26.113509361228072,,0.4115695271600066,,
2018-03-25 09:45:00,09:45,Spring,757.127,84,22.04282299114773,51,26.95717700885227,,0.40240300093680026,,
2018-03-25 10:15:00,10:15,Spring,831.212,84,21.380576138158137,51,27.619423861841863,,0.40016882483606087,,
2018-03-25 10:45:00,10:45,Spring,841.0989999999999,84,20.899800512465475,51,28.100199487534525,,0.3983116815763318,,
2018-03-25 11:15:00,11:15,Spring,910.974,84,20.600532726994107,51,28.399467273005893,,0.39755880202693183,,
2018-03-25 11:45:00,11:45,Spring,911.773,84,20.482795572144664,51,28.517204427855336,,0.397904500434458,,
2018-03-25 12:15:00,12:15,Spring,922.677,84,20.546598014057963,51,28.453401985942037,,0.39545727356819593,,
2018-03-25 12:45:00,12:45,Spring,911.055,84,20.791935193930403,51,28.208064806069597,,0.3933148265168338,,
2018-03-25 13:15:00,13:15,Spring,827.373,84,21.218788428385967,51,27.781211571614033,,0.39300257167792185,,
2018-03-25 13:45:00,13:45,Spring,808.3580000000001,84,21.82712521089811,51,27.17287478910189,,0.39282187437938343,,
2018-03-25 14:15:00,14:15,Spring,689.2389999999999,84,22.61689921426617,51,26.38310078573383,,0.39210278105492946,,
2018-03-25 14:45:00,14:45,Spring,613.4,84,23.588050294141976,51,25.411949705858024,,0.3915276297968401,,
2018-03-25 15:15:00,15:15,Spring,508.517,84,24.74050449360953,51,24.25949550639047,,0.39080588685560347,,
2018-03-25 15:45:00,15:45,Spring,405.3080000000001,84,26.074174048821547,51,22.925825951178453,,0.3881125394232349,,
2018-03-25 16:15:00,16:15,Spring,301.267,84,27.588957395677152,51,21.411042604322848,,0.3836152838916661,,
2018-03-25 16:45:00,16:45,Spring,187.387,84,29.2847391775583,51,19.7152608224417,,0.3767679935903112,,
2018-03-25 17:15:00,17:15,Spring,76.5795,84,31.16139025411915,51,17.83860974588085,,0.38221260459963124,,
2018-03-25 17:45:00,17:45,Spring,18.6231,84,33.218767711113706,51,15.781232288886294,,0.45359851154810127,,
2018-03-25 18:15:00,18:15,Spring,0.189081,84,35.45671487128172,51,13.543285128718281,,,,
2018-03-25 18:45:00,18:45,Spring,0.0,84,37.87506130628472,51,11.12493869371528,,,,
2018-03-25 19:15:00,19:15,Spring,0.0,84,40.47362284967737,51,8.52637715032263,,,,
2018-03-25 19:45:00,19:45,Spring,0.0,84,43.252201610936304,51,5.747798389063696,,,,
2018-03-25 20:15:00,20:15,Spring,0.0,84,46.210585990533254,51,2.7894140094667463,,,,
2018-03-25 20:45:00,20:45,Spring,0.000283462,84,49.0,51,0.0,,,,
2018-03-25 21:15:00,21:15,Spring,0.0,84,49.0,51,0.0,,,,
2018-03-25 21:45:00,21:45,Spring,0.0,84,49.0,51,0.0,,,,
2018-03-25 22:15:00,22:15,Spring,0.0,84,49.0,51,0.0,,,,
2018-03-25 22:45:00,22:45,Spring,0.0,84,49.0,51,0.0,,,,
2018-03-25 23:15:00,23:15,Spring,0.0,84,49.0,51,0.0,,,,
2018-03-25 23:45:00,23:45,Spring,0.00102489,84,49.0,51,0.0,,,,
2018-03-26 00:15:00,00:15,Spring,0.0,85,49.0,51,0.0,,,,
2018-03-26 00:45:00,00:45,Spring,0.0,85,49.0,51,0.0,,,,
2018-03-26 01:15:00,01:15,Spring,2.18069e-05,85,49.0,51,0.0,,,,
2018-03-26 01:45:00,01:45,Spring,0.000501566,85,49.0,51,0.0,,,,
2018-03-26 02:15:00,02:15,Spring,0.0,85,49.0,51,0.0,,,,
2018-03-26 02:45:00,02:45,Spring,0.000719651,85,48.8508035843772,51,0.1491964156227965,,,,
2018-03-26 03:15:00,03:15,Spring,0.0,85,45.77853721402228,51,3.221462785977721,,,,
2018-03-26 03:45:00,03:45,Spring,0.0,85,42.879464470317636,51,6.120535529682364,,,,
2018-03-26 04:15:00,04:15,Spring,0.00015266,85,40.153806128874656,51,8.846193871125344,,,,
2018-03-26 04:45:00,04:45,Spring,0.0,85,37.60176975913033,51,11.398230240869673,,,,
2018-03-26 05:15:00,05:15,Spring,0.0,85,35.22354970853628,51,13.776450291463718,,,,
2018-03-26 05:45:00,05:45,Spring,13.7919,85,33.019327087753425,51,15.980672912246575,,0.4957541783207843,,
2018-03-26 06:15:00,06:15,Spring,70.1116,85,30.989269756870335,51,18.010730243129665,,0.5538774029117318,,
2018-03-26 06:45:00,06:45,Spring,162.077,85,29.133532312614054,51,19.866467687385946,,0.4952022207666391,,
2018-03-26 07:15:00,07:15,Spring,257.906,85,27.452256076572773,51,21.547743923427227,,0.4517499188768359,,
2018-03-26 07:45:00,07:45,Spring,377.834,85,25.945569084441992,51,23.054430915558008,,0.4342732929326174,,
2018-03-26 08:15:00,08:15,Spring,511.826,85,24.613586076271623,51,24.386413923728377,,0.4267717724188276,,
2018-03-26 08:45:00,08:45,Spring,595.273,85,23.456408487721962,51,25.543591512278038,,0.41305981286954707,,
2018-03-26 09:15:00,09:15,Spring,667.6089999999999,85,22.474124442348344,51,26.525875557651656,,0.4115695271600066,,
2018-03-26 09:45:00,09:45,Spring,770.2330000000001,85,21.66680874488253,51,27.33319125511747,,0.40240300093680026,,
2018-03-26 10:15:00,10:15,Spring,807.545,85,21.03452287554142,51,27.96547712445858,,0.40016882483606087,,
2018-03-26 10:45:00,10:45,Spring,872.79,85,20.577314985342426,51,28.422685014657574,,0.3983116815763318,,
2018-03-26 11:15:00,11:15,Spring,908.152,85,20.29521989243562,51,28.70478010756438,,0.39755880202693183,,
2018-03-26 11:45:00,11:45,Spring,903.307,85,20.188259079454618,51,28.811740920545382,,0.397904500434458,,
2018-03-26 12:15:00,12:15,Spring,916.918,85,20.25644069188007,51,28.74355930811993,,0.39545727356819593,,
2018-03-26 12:45:00,12:45,Spring,871.09,85,20.499759537417578,51,28.500240462582422,0.20678076256499134,0.3933148265168338,0.08132993975526817,15.42681134140431
2018-03-26 13:15:00,13:15,Spring,842.2080000000001,85,20.91819708639511,51,28.08180291360489,0.20694334501865883,0.39300257167792185,0.08132926678396438,15.287482393878255
2018-03-26 13:45:00,13:45,Spring,776.946,85,21.511721473173164,51,27.488278526826836,0.22117476432197244,0.39282187437938343,0.0868822854863756,15.2169846207063
2018-03-26 14:15:00,14:15,Spring,696.195,85,22.28028749857234,51,26.71971250142766,0.24107263172079235,0.39210278105492946,0.09452524933395348,15.13292331183267
2018-03-26 14:45:00,14:45,Spring,597.447,85,23.223836633314093,51,25.776163366685907,0.2665914948453608,0.3915276297968401,0.10437793610080064,15.066136284342162
2018-03-26 15:15:00,15:15,Spring,455.732,85,24.34229702247746,51,24.65770297752254,0.36342042755344417,0.39080588685560347,0.14202684249146633,15.643635065044647
2018-03-26 15:45:00,15:45,Spring,327.433,85,25.635583490975357,51,23.364416509024643,,0.3881125394232349,,
2018-03-26 16:15:00,16:15,Spring,278.427,85,27.10359755003535,51,21.89640244996465,0.5032856590645535,0.3836152838916661,0.19306807098065296,16.18263393767064
2018-03-26 16:45:00,16:45,Spring,151.205,85,28.746227404701752,51,20.253772595298248,0.5936646641179684,0.3767679935903112,0.22367384436519297,16.610752457970655
2018-03-26 17:15:00,17:15,Spring,87.3118,85,30.563347962353724,51,18.436652037646276,0.7508771929824561,0.38221260459963124,0.2869947276642845,18.368240520370353
2018-03-26 17:45:00,17:45,Spring,9.15581,85,32.55482084222478,51,16.44517915777522,0.9590163934426229,0.45359851154810127,0.43500840861580203,24.171129595457444
2018-03-26 18:15:00,18:15,Spring,0.0,85,34.720494385943404,51,14.279505614056596,,,,
2018-03-26 18:45:00,18:45,Spring,0.0,85,37.060203669086796,51,11.939796330913204,,,,
2018-03-26 19:15:00,19:15,Spring,0.0,85,39.57377051373321,51,9.426229486266791,,,,
2018-03-26 19:45:00,19:45,Spring,0.0,85,42.26100350203469,51,6.73899649796531,,,,
2018-03-26 20:15:00,20:15,Spring,0.0,85,45.12169799079719,51,3.8783020092028124,,,,
2018-03-26 20:45:00,20:45,Spring,0.0,85,48.15563612705826,51,0.8443638729417415,,,,
2018-03-26 21:15:00,21:15,Spring,0.0,85,49.0,51,0.0,,,,
2018-03-26 21:45:00,21:45,Spring,0.0,85,49.0,51,0.0,,,,
2018-03-26 22:15:00,22:15,Spring,0.0,85,49.0,51,0.0,,,,
2018-03-26 22:45:00,22:45,Spring,0.0,85,49.0,51,0.0,,,,
2018-03-26 23:15:00,23:15,Spring,0.0,85,49.0,51,0.0,,,,
2018-03-26 23:45:00,23:45,Spring,0.0,85,49.0,51,0.0,,,,
2018-10-26 00:45:00,00:45,Autumn,0.0,299,49.0,51,0.0,,,,
2018-10-26 01:15:00,01:15,Autumn,0.0,299,49.0,51,0.0,,,,
2018-10-26 01:45:00,01:45,Autumn,0.0,299,49.0,51,0.0,,,,
2018-10-26 02:15:00,02:15,Autumn,0.0,299,49.0,51,0.0,,,,
2018-10-26 02:45:00,02:45,Autumn,0.0,299,49.0,51,0.0,,,,
2018-10-26 03:15:00,03:15,Autumn,0.0,299,49.0,51,0.0,,,,
2018-10-26 03:45:00,03:45,Autumn,0.0,299,49.0,51,0.0,,,,
2018-10-26 04:15:00,04:15,Autumn,0.0,299,49.0,51,0.0,,,,
2018-10-26 04:45:00,04:45,Autumn,0.0,299,49.0,51,0.0,,,,
2018-10-26 05:15:00,05:15,Autumn,0.0,299,49.0,51,0.0,,,,
2018-10-26 05:45:00,05:45,Autumn,1.99574,299,49.0,51,0.0,1.0,0.5002144493488876,0.5002144493488876,27.060508018095494
2018-10-26 06:15:00,06:15,Autumn,35.4024,299,49.0,51,0.0,1.0142857142857142,0.4376021662643346,0.4438536257823965,24.29882766333743
2018-10-26 06:45:00,06:45,Autumn,71.4599,299,49.0,51,0.0,1.0327868852459015,0.4429616133883337,0.4574849449748363,24.96676230376698
2018-10-26 07:15:00,07:15,Autumn,104.732,299,49.0,51,0.0,0.9750593824228028,0.42426907357412696,0.4136875408602829,22.820689502153865
2018-10-26 07:45:00,07:45,Autumn,235.718,299,46.32256782935059,51,2.6774321706494106,0.5269922879177378,0.41299222393196633,0.21764371698214163,13.737574509120732
2018-10-26 08:15:00,08:15,Autumn,182.975,299,42.96990331155052,51,6.030096688449483,0.1968315972222222,0.40615705890047904,0.07994454262646147,8.43437560281134
2018-10-26 08:45:00,08:45,Autumn,294.262,299,40.02434899413657,51,8.975651005863433,0.18364824298075227,0.40440633349797306,0.07426851259719089,9.15235898150402
2018-10-26 09:15:00,09:15,Autumn,294.818,299,37.48612919247746,51,11.513870807522537,0.43880231132901415,0.39450995990422477,0.17311188224829052,13.581631093330504
2018-10-26 09:45:00,09:45,Autumn,668.4830000000001,299,35.3554372018358,51,13.644562798164202,0.7004692387904066,0.3899492215821802,0.27314743440858136,17.527933606048467
2018-10-26 10:15:00,10:15,Autumn,727.168,299,33.632435282657305,51,15.367564717342695,0.39811289521602383,0.38621731821857447,0.15375809473856508,13.656478803161963
2018-10-26 10:45:00,10:45,Autumn,776.834,299,32.31725464821021,51,16.68274535178979,0.2168319485392656,0.385203318985474,0.0835243862394126,11.675527738733479
2018-10-26 11:15:00,11:15,Autumn,817.322,299,31.409995454589875,51,17.590004545410125,0.19564657393096344,0.38260663819113283,0.07485567792533884,11.63126900827125
2018-10-26 11:45:00,11:45,Autumn,803.085,299,30.910726793096945,51,18.089273206903055,0.3504501500500167,0.3796986207361109,0.13306543861075443,13.53162150528042
2018-10-26 12:15:00,12:15,Autumn,780.299,299,30.819486684973555,51,18.180513315026445,0.4187082405345211,0.37792364675769735,0.15823974519030534,14.297713611867891
2018-10-26 12:45:00,12:45,Autumn,758.174,299,31.13628207850671,51,17.86371792149329,0.3119599818099136,0.37903774556048603,0.11824460821031987,13.0027208437903
2018-10-26 13:15:00,13:15,Autumn,667.347,299,31.86108884850057,51,17.13891115149943,0.629505192425168,0.3798062337969428,0.2390899962906228,16.67713291043463
2018-10-26 13:45:00,13:45,Autumn,594.4580000000001,299,32.99385179811318,51,16.006148201886823,0.6618819776714513,0.38005115524231275,0.2515490102481017,16.932725879194674
2018-10-26 14:15:00,14:15,Autumn,479.649,299,34.53448466306122,51,14.465515336938779,0.5885502471169687,0.3805188355017302,0.22395445466720448,15.788552730873176
2018-10-26 14:45:00,14:45,Autumn,413.397,299,36.48287011818738,51,12.517129881812622,0.8003533568904593,0.3808122800369303,0.3047843866726668,18.43608596284176
2018-10-26 15:15:00,15:15,Autumn,309.779,299,38.83885978639305,51,10.161140213606949,0.8826979472140762,0.37911240852850653,0.33464174477149694,19.39931814363049
2018-10-26 15:45:00,15:45,Autumn,204.446,299,41.60227424994717,51,7.397725750052828,0.6828703703703703,0.37183584279596654,0.25391567968706047,15.864209331747148
2018-10-26 16:15:00,16:15,Autumn,92.3017,299,44.77290306413788,51,4.2270969358621215,0.972809667673716,0.3669581271330293,0.35698041370645145,20.08421703346852
2018-10-26 16:45:00,16:45,Autumn,13.7231,299,48.35050477330293,51,0.6494952266970699,1.025974025974026,0.38556060687563276,0.39557516809318166,21.926678826857636
2018-10-26 17:15:00,17:15,Autumn,0.023346,299,49.0,51,0.0,,0.2902105850800557,,
2018-10-26 17:45:00,17:45,Autumn,0.0,299,49.0,51,0.0,,,,
2018-10-26 18:15:00,18:15,Autumn,0.0,299,49.0,51,0.0,,,,
2018-10-26 18:45:00,18:45,Autumn,0.0,299,49.0,51,0.0,,,,
2018-10-26 19:15:00,19:15,Autumn,0.0,299,49.0,51,0.0,,,,
2018-10-26 19:45:00,19:45,Autumn,0.0,299,49.0,51,0.0,,,,
2018-10-26 20:15:00,20:15,Autumn,0.0,299,49.0,51,0.0,,,,
2018-10-26 20:45:00,20:45,Autumn,0.0,299,49.0,51,0.0,,,,
2018-10-26 21:15:00,21:15,Autumn,0.0,299,49.0,51,0.0,,,,
2018-10-26 21:45:00,21:45,Autumn,0.0,299,49.0,51,0.0,,,,
2018-10-26 22:15:00,22:15,Autumn,0.0,299,49.0,51,0.0,,,,
2018-10-26 22:45:00,22:45,Autumn,0.0,299,49.0,51,0.0,,,,
2018-10-26 23:15:00,23:15,Autumn,0.0,299,49.0,51,0.0,,,,
2018-10-26 23:45:00,23:45,Autumn,0.0,299,49.0,51,0.0,,,,
2018-10-27 00:15:00,00:15,Autumn,0.0,300,49.0,51,0.0,,,,
2018-10-27 00:45:00,00:45,Autumn,0.0,300,49.0,51,0.0,,,,
2018-10-27 01:15:00,01:15,Autumn,0.0,300,49.0,51,0.0,,,,
2018-10-27 01:45:00,01:45,Autumn,0.0,300,49.0,51,0.0,,,,
2018-10-27 02:15:00,02:15,Autumn,0.0,300,49.0,51,0.0,,,,
2018-10-27 02:45:00,02:45,Autumn,0.0,300,49.0,51,0.0,,,,
2018-10-27 03:15:00,03:15,Autumn,0.0,300,49.0,51,0.0,,,,
2018-10-27 03:45:00,03:45,Autumn,0.0,300,49.0,51,0.0,,,,
2018-10-27 04:15:00,04:15,Autumn,0.0,300,49.0,51,0.0,,,,
2018-10-27 04:45:00,04:45,Autumn,0.0,300,49.0,51,0.0,,,,
2018-10-27 05:15:00,05:15,Autumn,0.0,300,49.0,51,0.0,,,,
2018-10-27 05:45:00,05:45,Autumn,3.3105300000000004,300,49.0,51,0.0,0.5,0.5002144493488876,0.2501072246744438,14.805254009047747
2018-10-27 06:15:00,06:15,Autumn,57.001,300,49.0,51,0.0,0.4071146245059289,0.4376021662643346,0.17815424160168566,11.279557838482598
2018-10-27 06:45:00,06:45,Autumn,150.613,300,49.0,51,0.0,0.2385076615589607,0.4429616133883337,0.10564973856963587,7.726837189912159
2018-10-27 07:15:00,07:15,Autumn,246.56,300,49.0,51,0.0,0.18128881987577639,0.42426907357412696,0.07691523965804242,6.3188467432440785
2018-10-27 07:45:00,07:45,Autumn,355.773,300,46.779582822334305,51,2.220417177665695,0.6385035729298024,0.41299222393196633,0.26369701057278555,15.802651174352482
2018-10-27 08:15:00,08:15,Autumn,467.86,300,43.381598492843295,51,5.618401507156705,0.6080722251725968,0.40615705890047904,0.24697282657517178,15.546029432995507
2018-10-27 08:45:00,08:45,Autumn,558.9019999999999,300,40.39593449154381,51,8.604065508456188,0.8543307086614172,0.40440633349797306,0.3454967494844888,19.986202644667873
2018-10-27 09:15:00,09:15,Autumn,633.556,300,37.82281818831234,51,11.17718181168766,0.7983243566726511,0.39450995990422477,0.3149469099414936,18.87168926205902
2018-10-27 09:45:00,09:45,Autumn,693.316,300,35.66244553591514,51,13.33755446408486,0.25998251238705916,0.3899492215821802,0.10137997833031324,11.366426936716877
2018-10-27 10:15:00,10:15,Autumn,742.9960000000001,300,33.91498105509527,51,15.085018944904732,0.15037298782881822,0.38621731821857447,0.058076652091760515,10.345764117612912
2018-10-27 10:45:00,10:45,Autumn,781.727,300,32.58055782203974,51,16.419442177960264,0.1410054988216811,0.385203318985474,0.054315786141313896,10.644462233866996
2018-10-27 11:15:00,11:15,Autumn,799.576,300,31.659277458242286,51,17.340722541757714,0.1347842215902065,0.38260663819113283,0.051569337903837616,10.817323532542561
2018-10-27 11:45:00,11:45,Autumn,795.275,300,31.151210122769953,51,17.848789877230047,0.12555066079295155,0.3796986207361109,0.047671412735591015,10.812183093168596
2018-10-27 12:15:00,12:15,Autumn,776.316,300,31.056394506917968,51,17.943605493082032,0.11482226693494299,0.37792364675769735,0.043394049849039426,10.678975555291645
2018-10-27 12:45:00,12:45,Autumn,741.5139999999999,300,31.374837831262084,51,17.625162168737916,0.13556851311953352,0.37903774556048603,0.05138558358181516,10.842816085320601
2018-10-27 13:15:00,13:15,Autumn,685.8989999999999,300,32.10651584511015,51,16.893484154889848,0.2665950590762621,0.3798062337969428,0.10125446533662856,12.217178688295665
2018-10-27 13:45:00,13:45,Autumn,611.899,300,33.251372828348394,51,15.748627171651606,0.32017075773745995,0.38005115524231275,0.1216812663529283,12.581353103793454
2018-10-27 14:15:00,14:15,Autumn,521.361,300,34.809321595686015,51,14.190678404313985,0.24876408938105596,0.3805188355017302,0.09465942160592775,11.244850670131477
2018-10-27 14:45:00,14:45,Autumn,422.174,300,36.780243503292695,51,12.219756496707305,0.22614840989399296,0.3808122800369303,0.08612009159845774,10.370951272524348
2018-10-27 15:15:00,15:15,Autumn,320.47900000000004,300,39.16398845783169,51,9.836011542168308,0.2337288745055735,0.37911240852850653,0.08860951655646501,9.74925610973706
2018-10-27 15:45:00,15:45,Autumn,210.558,300,41.960374927899466,51,7.0396250721005345,0.30342857142857144,0.37183584279596654,0.112825618585519,9.901790178972679
2018-10-27 16:15:00,16:15,Autumn,91.062,300,45.16918995783817,51,3.830810042161829,0.493993993993994,0.3669581271330293,0.18127511085100095,12.143796795131141
2018-10-27 16:45:00,16:45,Autumn,10.5492,300,48.79018918395741,51,0.2098108160425909,0.7699115044247786,0.38556060687563276,0.2968475468865491,17.114142756950848
2018-10-27 17:15:00,17:15,Autumn,0.015717,300,49.0,51,0.0,,0.2902105850800557,,
2018-10-27 17:45:00,17:45,Autumn,0.0,300,49.0,51,0.0,,,,
2018-10-27 18:15:00,18:15,Autumn,0.0,300,49.0,51,0.0,,,,
2018-10-27 18:45:00,18:45,Autumn,0.0,300,49.0,51,0.0,,,,
2018-10-27 19:15:00,19:15,Autumn,0.0,300,49.0,51,0.0,,,,
2018-10-27 19:45:00,19:45,Autumn,0.0,300,49.0,51,0.0,,,,
2018-10-27 20:15:00,20:15,Autumn,0.0,300,49.0,51,0.0,,,,
2018-10-27 20:45:00,20:45,Autumn,0.0,300,49.0,51,0.0,,,,
2018-10-27 21:15:00,21:15,Autumn,0.0,300,49.0,51,0.0,,,,
2018-10-27 21:45:00,21:45,Autumn,0.0,300,49.0,51,0.0,,,,
2018-10-27 22:15:00,22:15,Autumn,0.0,300,49.0,51,0.0,,,,
2018-10-27 22:45:00,22:45,Autumn,0.0,300,49.0,51,0.0,,,,
2018-10-27 23:15:00,23:15,Autumn,0.0,300,49.0,51,0.0,,,,
2018-10-27 23:45:00,23:45,Autumn,0.0,300,49.0,51,0.0,,,,
2018-10-28 00:15:00,00:15,Autumn,0.0,301,49.0,51,0.0,,,,
2018-10-28 00:45:00,00:45,Autumn,0.0,301,49.0,51,0.0,,,,
2018-10-28 01:15:00,01:15,Autumn,0.0,301,49.0,51,0.0,,,,
2018-10-28 01:45:00,01:45,Autumn,0.0,301,49.0,51,0.0,,,,
2018-10-28 02:15:00,02:15,Autumn,0.0,301,49.0,51,0.0,,,,
2018-10-28 02:45:00,02:45,Autumn,0.0,301,49.0,51,0.0,,,,
2018-10-28 03:15:00,03:15,Autumn,0.0,301,49.0,51,0.0,,,,
2018-10-28 03:45:00,03:45,Autumn,0.0,301,49.0,51,0.0,,,,
2018-10-28 04:15:00,04:15,Autumn,0.0,301,49.0,51,0.0,,,,
2018-10-28 04:45:00,04:45,Autumn,0.0,301,49.0,51,0.0,,,,
2018-10-28 05:15:00,05:15,Autumn,0.0,301,49.0,51,0.0,,,,
2018-10-28 05:45:00,05:45,Autumn,1.47219,301,49.0,51,0.0,0.0,0.5002144493488876,0.0,2.5500000000000003
2018-10-28 06:15:00,06:15,Autumn,44.6783,301,49.0,51,0.0,0.3521400778210117,0.4376021662643346,0.1540972608829661,10.10076578326534
2018-10-28 06:45:00,06:45,Autumn,137.567,301,49.0,51,0.0,0.20970873786407765,0.4429616133883337,0.09289292086590298,7.101753122429246
2018-10-28 07:15:00,07:15,Autumn,245.267,301,49.0,51,0.0,0.1525360977415772,0.42426907357412696,0.06471634887543144,5.721101094896142
2018-10-28 07:45:00,07:45,Autumn,353.298,301,47.23093263287787,51,1.7690673671221333,0.12568591586098773,0.41299222393196633,0.05190730590835532,5.7322415347449525
2018-10-28 08:15:00,08:15,Autumn,463.134,301,43.78819027851982,51,5.211809721480179,0.11115693957517014,0.40615705890047904,0.04514717565422937,6.643726426110469
2018-10-28 08:45:00,08:45,Autumn,554.617,301,40.762913795134125,51,8.237086204865875,0.1007805724197745,0.40440633349797306,0.04075630178010795,7.542475446887554
2018-10-28 09:15:00,09:15,Autumn,627.429,301,38.15533356924118,51,10.84466643075882,0.09477224090492203,0.39450995990422477,0.03738859295943432,8.254903154825154
2018-10-28 09:45:00,09:45,Autumn,686.6310000000001,301,35.96564817816837,51,13.034351821831628,0.09234865470852019,0.3899492215821802,0.036011286017748986,8.92790459010927
2018-10-28 10:15:00,10:15,Autumn,735.193,301,34.19402437493729,51,14.805975625062707,0.09010786635096027,0.38621731821857447,0.0348012184924656,9.458317912930188
2018-10-28 10:45:00,10:45,Autumn,772.592,301,32.84059707556092,51,16.159402924439078,0.0920819630660258,0.385203318985474,0.035470277791730974,9.939520740433961
2018-10-28 11:15:00,11:15,Autumn,784.367,301,31.905469348766204,51,17.094530651233796,0.093866866118175,0.38260663819113283,0.03591408608301209,10.236336676634332
2018-10-28 11:45:00,11:45,Autumn,779.069,301,31.388712408150482,51,17.611287591849518,0.1018425037859667,0.3796986207361109,0.0386694582198437,10.45076611105391
2018-10-28 12:15:00,12:15,Autumn,751.3989999999999,301,31.290365606756062,51,17.709634393243938,0.10959082616627573,0.37792364675769735,0.041416964675947805,10.538841579672798
2018-10-28 12:45:00,12:45,Autumn,724.525,301,31.61043643407215,51,17.38956356592785,0.11863705338667403,0.37903774556048603,0.04496792125562395,10.562756586733322
2018-10-28 13:15:00,13:15,Autumn,671.549,301,32.34890051546594,51,16.651099484534058,0.13212084773786265,0.3798062337969428,0.05018032158537694,10.497469614598543
2018-10-28 13:45:00,13:45,Autumn,601.899,301,33.505701614038344,51,15.494298385961656,0.15194585448392556,0.38005115524231275,0.05774719753089626,10.373486370770971
2018-10-28 14:15:00,14:15,Autumn,514.697,301,35.080751634907934,51,13.919248365092066,0.18688193743693238,0.3805188355017302,0.07111209720980871,10.341201999398924
2018-10-28 14:45:00,14:45,Autumn,412.208,301,37.07393063191773,51,11.926069368082267,0.22499999999999998,0.3808122800369303,0.0856827630083093,10.268190480059108
2018-10-28 15:15:00,15:15,Autumn,307.988,301,39.48508681676745,51,9.51491318323255,0.29191669608189197,0.37911240852850653,0.11066924174129011,10.527006271935596
2018-10-28 15:45:00,15:45,Autumn,194.916,301,42.31403657058225,51,6.685963429417747,0.39337594421847766,0.37183584279596654,0.14627127575413676,11.225408958166824
2018-10-28 16:15:00,16:15,Autumn,81.7048,301,45.56056445788417,51,3.439435542115831,0.5604113110539846,0.3669581271330293,0.20564748512853567,13.181544326730027
2018-10-28 16:45:00,16:45,Autumn,12.6243,301,49.0,51,0.0,0.8467741935483871,0.38556060687563276,0.32648277195114067,18.547655825605894
2018-10-28 17:15:00,17:15,Autumn,0.0,301,49.0,51,0.0,,0.2902105850800557,,
2018-10-28 17:45:00,17:45,Autumn,0.0,301,49.0,51,0.0,,,,
2018-10-28 18:15:00,18:15,Autumn,0.0,301,49.0,51,0.0,,,,
2018-10-28 18:45:00,18:45,Autumn,0.0,301,49.0,51,0.0,,,,
2018-10-28 19:15:00,19:15,Autumn,0.0,301,49.0,51,0.0,,,,
2018-10-28 19:45:00,19:45,Autumn,0.0,301,49.0,51,0.0,,,,
2018-10-28 20:15:00,20:15,Autumn,0.0,301,49.0,51,0.0,,,,
2018-10-28 20:45:00,20:45,Autumn,0.0,301,49.0,51,0.0,,,,
2018-10-28 21:15:00,21:15,Autumn,0.0,301,49.0,51,0.0,,,,
2018-10-28 21:45:00,21:45,Autumn,0.0,301,49.0,51,0.0,,,,
2018-10-28 22:15:00,22:15,Autumn,0.0,301,49.0,51,0.0,,,,
2018-10-28 22:45:00,22:45,Autumn,0.0,301,49.0,51,0.0,,,,
2018-10-28 23:15:00,23:15,Autumn,0.0,301,49.0,51,0.0,,,,
2018-10-28 23:45:00,23:45,Autumn,0.0,301,49.0,51,0.0,,,,
2018-10-29 00:15:00,00:15,Autumn,0.0,302,49.0,51,0.0,,,,
2018-10-29 00:45:00,00:45,Autumn,0.0,302,49.0,51,0.0,,,,
2018-10-29 01:15:00,01:15,Autumn,0.0,302,49.0,51,0.0,,,,
2018-10-29 01:45:00,01:45,Autumn,0.0,302,49.0,51,0.0,,,,
2018-10-29 02:15:00,02:15,Autumn,0.0,302,49.0,51,0.0,,,,
2018-10-29 02:45:00,02:45,Autumn,0.0,302,49.0,51,0.0,,,,
2018-10-29 03:15:00,03:15,Autumn,0.0,302,49.0,51,0.0,,,,
2018-10-29 03:45:00,03:45,Autumn,0.0,302,49.0,51,0.0,,,,
2018-10-29 04:15:00,04:15,Autumn,0.0,302,49.0,51,0.0,,,,
2018-10-29 04:45:00,04:45,Autumn,0.0,302,49.0,51,0.0,,,,
2018-10-29 05:15:00,05:15,Autumn,0.0,302,49.0,51,0.0,,,,
2018-10-29 05:45:00,05:45,Autumn,1.13667,302,49.0,51,0.0,,0.5002144493488876,,
2018-10-29 06:15:00,06:15,Autumn,33.115,302,49.0,51,0.0,0.5872093023255814,0.4376021662643346,0.256964062748243,15.141239074663908
2018-10-29 06:45:00,06:45,Autumn,99.3955,302,49.0,51,0.0,0.3719376391982183,0.4429616133883337,0.16475409673909072,10.622950740215446
2018-10-29 07:15:00,07:15,Autumn,191.312,302,49.0,51,0.0,0.2563106796116505,0.42426907357412696,0.10874469458598983,7.8784900347135025
2018-10-29 07:45:00,07:45,Autumn,289.579,302,47.67648278043938,51,1.323517219560621,0.19989180416553964,0.41299222393196633,0.08255376074809931,7.032475272685863
2018-10-29 08:15:00,08:15,Autumn,385.799,302,44.189557523777566,51,4.810442476222434,0.1712387483926275,0.40615705890047904,0.06954982641694872,7.577171223372941
2018-10-29 08:45:00,08:45,Autumn,486.875,302,41.12517756272001,51,7.874822437279988,0.1493414026343895,0.40440633349797306,0.06039460907881799,8.218367091005424
2018-10-29 09:15:00,09:15,Autumn,573.938,302,38.48357626166836,51,10.516423738331639,0.140197152245345,0.39450995990422477,0.05530917291099756,8.82732868103523
2018-10-29 09:45:00,09:45,Autumn,639.7040000000001,302,36.26495478878659,51,12.73504521121341,0.13998852553069419,0.3899492215821802,0.05458841656113136,9.495667425507419
2018-10-29 10:15:00,10:15,Autumn,689.346,302,34.469482100690946,51,14.530517899309054,0.12573647562935192,0.38621731821857447,0.04856160441982344,9.835831009728075
2018-10-29 10:45:00,10:45,Autumn,705.1080000000001,302,33.09729492957934,51,15.902705070420659,0.11800923550538737,0.385203318985474,0.045457549187613654,10.180296686211474
2018-10-29 11:15:00,11:15,Autumn,697.311,302,32.14849777281556,51,16.85150222718444,0.11420999495204442,0.38260663819113283,0.043697502216427965,10.402305668295863
2018-10-29 11:45:00,11:45,Autumn,685.418,302,31.623162884976985,51,17.376837115023015,0.1181252381557221,0.3796986207361109,0.0448519900018523,10.566322870874234
2018-10-29 12:15:00,12:15,Autumn,672.113,302,31.5213302723498,51,17.4786697276502,0.12104575163398693,0.37792364675769735,0.045746051882042844,10.597579013976855
2018-10-29 12:45:00,12:45,Autumn,649.758,302,31.84300768988124,51,17.15699231011876,0.1311634349030471,0.37903774556048603,0.04971589266562054,10.636251238286675
2018-10-29 13:15:00,13:15,Autumn,600.433,302,32.58817064059043,51,16.411829359409573,0.14157033478456688,0.3798062337969428,0.05376929567189867,10.535558081295637
2018-10-29 13:45:00,13:45,Autumn,539.866,302,33.75676237743343,51,15.243237622566568,0.1543441226575809,0.38005115524231275,0.058658662120874845,10.323336586682037
2018-10-29 14:15:00,14:15,Autumn,452.916,302,35.3486939076261,51,13.6513060923739,0.18148673283370467,0.3805188355017302,0.06905912023689492,10.185728800131738
2018-10-29 14:45:00,14:45,Autumn,360.671,302,37.36384399941914,51,11.636156000580861,0.22571428571428573,0.3808122800369303,0.08595477177976427,10.192791781231392
2018-10-29 15:15:00,15:15,Autumn,263.17900000000003,302,39.80205919132831,51,9.197940808671689,0.25203252032520324,0.37911240852850653,0.09554865580799757,9.840086747599939
2018-10-29 15:45:00,15:45,Autumn,161.347,302,42.663153803830674,51,6.336846196169326,0.3348647269014803,0.37183584279596654,0.1245147079500531,10.21845668213321
2018-10-29 16:15:00,16:15,Autumn,69.3172,302,45.946909953492785,51,3.053090046507215,0.48609431680773885,0.3669581271330293,0.17837626010577723,11.866194166355736
2018-10-29 16:45:00,16:45,Autumn,11.9014,302,49.0,51,0.0,0.84375,0.38556060687563276,0.32531676205131516,18.49052134051444
2018-10-29 17:15:00,17:15,Autumn,0.0,302,49.0,51,0.0,,0.2902105850800557,,
2018-10-29 17:45:00,17:45,Autumn,0.0,302,49.0,51,0.0,,,,
2018-10-29 18:15:00,18:15,Autumn,0.0,302,49.0,51,0.0,,,,
2018-10-29 18:45:00,18:45,Autumn,0.0,302,49.0,51,0.0,,,,
2018-10-29 19:15:00,19:15,Autumn,0.0,302,49.0,51,0.0,,,,
2018-10-29 19:45:00,19:45,Autumn,0.0,302,49.0,51,0.0,,,,
2018-10-29 20:15:00,20:15,Autumn,0.0,302,49.0,51,0.0,,,,
2018-10-29 20:45:00,20:45,Autumn,0.0,302,49.0,51,0.0,,,,
2018-10-29 21:15:00,21:15,Autumn,0.0,302,49.0,51,0.0,,,,
2018-10-29 21:45:00,21:45,Autumn,0.0,302,49.0,51,0.0,,,,
2018-10-29 22:15:00,22:15,Autumn,0.0,302,49.0,51,0.0,,,,
2018-10-29 22:45:00,22:45,Autumn,0.0,302,49.0,51,0.0,,,,
2018-10-29 23:15:00,23:15,Autumn,0.0,302,49.0,51,0.0,,,,
2018-10-29 23:45:00,23:45,Autumn,0.0,302,49.0,51,0.0,,,,
2018-10-30 00:15:00,00:15,Autumn,0.0,303,49.0,51,0.0,,,,
2018-10-30 00:45:00,00:45,Autumn,0.0,303,49.0,51,0.0,,,,
2018-10-30 01:15:00,01:15,Autumn,0.0,303,49.0,51,0.0,,,,
2018-10-30 01:45:00,01:45,Autumn,0.0,303,49.0,51,0.0,,,,
2018-10-30 02:15:00,02:15,Autumn,0.0,303,49.0,51,0.0,,,,
2018-10-30 02:45:00,02:45,Autumn,0.0,303,49.0,51,0.0,,,,
2018-10-30 03:15:00,03:15,Autumn,0.0,303,49.0,51,0.0,,,,
2018-10-30 03:45:00,03:45,Autumn,0.0,303,49.0,51,0.0,,,,
2018-10-30 04:15:00,04:15,Autumn,0.0,303,49.0,51,0.0,,,,
2018-10-30 04:45:00,04:45,Autumn,0.0,303,49.0,51,0.0,,,,
2018-10-30 05:15:00,05:15,Autumn,0.0,303,49.0,51,0.0,,,,
2018-10-30 05:45:00,05:45,Autumn,1.05912,303,49.0,51,0.0,,0.5002144493488876,,
2018-10-30 06:15:00,06:15,Autumn,32.9017,303,49.0,51,0.0,0.667621776504298,0.4376021662643346,0.2921527356435243,16.86548404653269
2018-10-30 06:45:00,06:45,Autumn,108.626,303,49.0,51,0.0,0.36865021770682144,0.4429616133883337,0.16329789521137408,10.55159686535733
2018-10-30 07:15:00,07:15,Autumn,205.907,303,49.0,51,0.0,0.2664564446196295,0.42426907357412696,0.11304922890662586,8.089412216424668
2018-10-30 07:45:00,07:45,Autumn,308.47,303,48.116100512497695,51,0.8838994875023047,0.20875791792894519,0.41299222393196633,0.08621539678888197,7.063392312694619
2018-10-30 08:15:00,08:15,Autumn,415.431,303,44.58558064047587,51,4.414419359524132,0.1777063236870311,0.40615705890047904,0.07217667777674108,7.56098667119419
2018-10-30 08:45:00,08:45,Autumn,509.414,303,41.48261785711699,51,7.517382142883008,0.15433741351782862,0.40440633349797306,0.06241502752230558,8.179215685155695
2018-10-30 09:15:00,09:15,Autumn,584.106,303,38.80744846505402,51,10.192551534945977,0.14239181014425312,0.39450995990422477,0.05617498731069928,8.751071022458309
2018-10-30 09:45:00,09:45,Autumn,643.406,303,36.56027618879101,51,12.439723811208992,0.13660739486311035,0.3899492215821802,0.05326994728923941,9.348424602335191
2018-10-30 10:15:00,10:15,Autumn,689.2660000000001,303,34.741272159198424,51,14.258727840801576,0.1304118268215417,0.38621731821857447,0.050367306019000996,9.806791914214656
2018-10-30 10:45:00,10:45,Autumn,723.794,303,33.350574900476964,51,15.649425099523036,0.12509467306235797,0.385203318985474,0.048186883251023056,10.18527074763464
2018-10-30 11:15:00,11:15,Autumn,738.63,303,32.38829031960523,51,16.611709680394767,0.1240174672489083,0.38260663819113283,0.04744990622108373,10.442571733749443
2018-10-30 11:45:00,11:45,Autumn,733.3660000000001,303,31.85449169828016,51,17.14550830171984,0.11985487301388716,0.3796986207361109,0.04550872997187467,10.509783315070917
2018-10-30 12:15:00,12:15,Autumn,704.903,303,31.74921968733402,51,17.25078031266598,0.12271909534823952,0.37792364675769735,0.04637844804081225,10.541957340783974
2018-10-30 12:45:00,12:45,Autumn,672.757,303,32.07248230363755,51,16.92751769636245,0.12633862003524468,0.37903774556048603,0.047887105715381996,10.502026496193464
2018-10-30 13:15:00,13:15,Autumn,624.841,303,32.82425492949085,51,16.17574507050915,0.13058720420683612,0.3798062337969428,0.04959783421187071,10.321660768210611
2018-10-30 13:45:00,13:45,Autumn,555.915,303,34.00448031449761,51,14.995519685502387,0.14828209764918626,0.38005115524231275,0.056354782513326665,10.165379672536236
2018-10-30 14:15:00,14:15,Autumn,463.886,303,35.613068579926356,51,13.386931420073644,0.1794970986460348,0.3805188355017302,0.06830202695272836,10.07642432492344
2018-10-30 14:45:00,14:45,Autumn,369.74,303,37.64989722555293,51,11.350102774447073,0.20271881707607917,0.3808122800369303,0.07719781493713111,9.77874831461092
2018-10-30 15:15:00,15:15,Autumn,266.125,303,40.11481113898723,51,8.885188861012772,0.2476680604696044,0.37911240852850653,0.09389403492021553,9.685026827231127
2018-10-30 15:45:00,15:45,Autumn,164.28799999999998,303,43.007622607495364,51,5.992377392504636,0.32935064935064934,0.37183584279596654,0.12246437627669755,10.045082375863975
2018-10-30 16:15:00,16:15,Autumn,66.9316,303,46.32811133228249,51,2.6718886677175107,0.5067985166872682,0.3669581271330293,0.18597383451735722,12.146287771825188
2018-10-30 16:45:00,16:45,Autumn,11.4972,303,49.0,51,0.0,0.8383838383838385,0.38556060687563276,0.3232477815219952,18.389141294577765
2018-10-30 17:15:00,17:15,Autumn,0.0,303,49.0,51,0.0,,0.2902105850800557,,
2018-10-30 17:45:00,17:45,Autumn,0.0,303,49.0,51,0.0,,,,
2018-10-30 18:15:00,18:15,Autumn,0.0,303,49.0,51,0.0,,,,
2018-10-30 18:45:00,18:45,Autumn,0.0,303,49.0,51,0.0,,,,
2018-10-30 19:15:00,19:15,Autumn,0.0,303,49.0,51,0.0,,,,
2018-10-30 19:45:00,19:45,Autumn,0.0,303,49.0,51,0.0,,,,
2018-10-30 20:15:00,20:15,Autumn,0.0,303,49.0,51,0.0,,,,
2018-10-30 20:45:00,20:45,Autumn,0.0,303,49.0,51,0.0,,,,
2018-10-30 21:15:00,21:15,Autumn,0.0,303,49.0,51,0.0,,,,
2018-10-30 21:45:00,21:45,Autumn,0.0,303,49.0,51,0.0,,,,
2018-10-30 22:15:00,22:15,Autumn,0.0,303,49.0,51,0.0,,,,
2018-10-30 22:45:00,22:45,Autumn,0.0,303,49.0,51,0.0,,,,
2018-10-30 23:15:00,23:15,Autumn,0.0,303,49.0,51,0.0,,,,
2018-10-30 23:45:00,23:45,Autumn,0.0,303,49.0,51,0.0,,,,
2018-10-31 00:15:00,00:15,Autumn,0.0,304,49.0,51,0.0,,,,
2018-10-31 00:45:00,00:45,Autumn,0.0,304,49.0,51,0.0,,,,
2018-10-31 01:15:00,01:15,Autumn,0.0,304,49.0,51,0.0,,,,
2018-10-31 01:45:00,01:45,Autumn,0.0,304,49.0,51,0.0,,,,
2018-10-31 02:15:00,02:15,Autumn,0.0,304,49.0,51,0.0,,,,
2018-10-31 02:45:00,02:45,Autumn,0.0,304,49.0,51,0.0,,,,
2018-10-31 03:15:00,03:15,Autumn,0.0,304,49.0,51,0.0,,,,
2018-10-31 03:45:00,03:45,Autumn,0.0,304,49.0,51,0.0,,,,
2018-10-31 04:15:00,04:15,Autumn,0.0,304,49.0,51,0.0,,,,
2018-10-31 04:45:00,04:45,Autumn,0.0,304,49.0,51,0.0,,,,
2018-10-31 05:15:00,05:15,Autumn,0.0,304,49.0,51,0.0,,,,
2018-10-31 05:45:00,05:45,Autumn,0.7732829999999999,304,49.0,51,0.0,,0.5002144493488876,,
2018-10-31 06:15:00,06:15,Autumn,33.394,304,49.0,51,0.0,0.6308139534883721,0.4376021662643346,0.2760455525562809,16.076232075257764
2018-10-31 06:45:00,06:45,Autumn,120.299,304,49.0,51,0.0,0.3850393700787402,0.4429616133883337,0.17055766058810642,10.907325368817215
2018-10-31 07:15:00,07:15,Autumn,221.02,304,49.0,51,0.0,0.2836700336700337,0.42426907357412696,0.1203524223859266,8.447268696910404
2018-10-31 07:45:00,07:45,Autumn,329.906,304,48.54965484410622,51,0.4503451558937783,0.2379032258064516,0.41299222393196633,0.09825218230639521,7.506098586125248
2018-10-31 08:15:00,08:15,Autumn,440.602,304,44.97614163276744,51,4.023858367232563,0.2116154873164219,0.40615705890047904,0.08594912394622954,8.049978451685165
2018-10-31 08:45:00,08:45,Autumn,532.418,304,41.83512817830368,51,7.164871821696323,0.18945816439366014,0.40440633349797306,0.07661808161369633,8.652846808479872
2018-10-31 09:15:00,09:15,Autumn,604.311,304,39.12685368105388,51,9.87314631894612,0.1774787762293769,0.39450995990422477,0.07001714489410236,9.184605141852671
2018-10-31 09:45:00,09:45,Autumn,660.615,304,36.851524386603984,51,12.148475613396016,0.17357059509918318,0.3899492215821802,0.06768371844848227,9.781536809834158
2018-10-31 10:15:00,10:15,Autumn,709.584,304,35.00931357009043,51,13.990686429909573,0.1709284835224942,0.38621731821857447,0.0660155405132255,10.264604151323198
2018-10-31 10:45:00,10:45,Autumn,743.618,304,33.6003615230006,51,15.3996384769994,0.16791387685440462,0.385203318985474,0.06468098266803482,10.655296253825485
2018-10-31 11:15:00,11:15,Autumn,758.154,304,32.624775542485885,51,16.375224457514115,0.17065907030946526,0.38260663819113283,0.06529529316792868,10.945513862899178
2018-10-31 11:45:00,11:45,Autumn,754.711,304,32.082629923196315,51,16.917370076803685,0.17245884504834075,0.3796986207361109,0.06548238559859765,11.074349228292562
2018-10-31 12:15:00,12:15,Autumn,735.545,304,31.973965951620364,51,17.026034048379636,0.17321356750234615,0.37792364675769735,0.06546150309839723,11.077604748594398
2018-10-31 12:45:00,12:45,Autumn,699.8939999999999,304,32.29879190293971,51,16.701208097060288,0.176702307259426,0.37903774556048603,0.06697684417894914,11.043659417697764
2018-10-31 13:15:00,13:15,Autumn,646.2,304,33.05708304040043,51,15.942916959599572,0.1832541021315749,0.3798062337969428,0.06960105035843377,10.906026947560758
2018-10-31 13:45:00,13:45,Autumn,574.852,304,34.24878161719633,51,14.751218382803671,0.19154784401305616,0.38005115524231275,0.07279797940133631,10.6494596863057
2018-10-31 14:15:00,14:15,Autumn,482.974,304,35.87379688086796,51,13.126203119132043,0.2011644248142943,0.3805188355017302,0.07654685267471063,10.290793770173599
2018-10-31 14:45:00,14:45,Autumn,383.886,304,37.93200508021163,51,11.067994919788369,0.2304228171128346,0.3808122800369303,0.08774783835727115,10.093279831187369
2018-10-31 15:15:00,15:15,Autumn,282.62,304,40.42324947470146,51,8.576750525298543,0.26041666666666663,0.37911240852850653,0.09872718972096522,9.792426369020824
2018-10-31 15:45:00,15:45,Autumn,174.778,304,43.34734034643549,51,5.652659653564513,0.33745298226759807,0.37183584279596654,0.12547711406548467,10.090960635406988
2018-10-31 16:15:00,16:15,Autumn,71.3936,304,46.70405501457121,51,2.2959449854287897,0.48,0.3669581271330293,0.17613990102385405,11.618963299532627
2018-10-31 16:45:00,16:45,Autumn,9.61297,304,49.0,51,0.0,0.7777777777777778,0.38556060687563276,0.29988047201438106,17.24414312870467
2018-10-31 17:15:00,17:15,Autumn,0.0,304,49.0,51,0.0,,0.2902105850800557,,
2018-10-31 17:45:00,17:45,Autumn,0.0,304,49.0,51,0.0,,,,
2018-10-31 18:15:00,18:15,Autumn,0.0,304,49.0,51,0.0,,,,
2018-10-31 18:45:00,18:45,Autumn,0.0,304,49.0,51,0.0,,,,
2018-10-31 19:15:00,19:15,Autumn,0.0,304,49.0,51,0.0,,,,
2018-10-31 19:45:00,19:45,Autumn,0.0,304,49.0,51,0.0,,,,
2018-10-31 20:15:00,20:15,Autumn,-5.464057666189101,304,49.0,51,0.0,,,,
2018-10-31 20:45:00,20:45,Autumn,-5.464057666189101,304,49.0,51,0.0,,,,
2018-10-31 21:15:00,21:15,Autumn,-5.464057666189101,304,49.0,51,0.0,,,,
2018-10-31 21:45:00,21:45,Autumn,-5.464057666189101,304,49.0,51,0.0,,,,
2018-10-31 22:15:00,22:15,Autumn,-5.464057666189101,304,49.0,51,0.0,,,,
2018-10-31 22:45:00,22:45,Autumn,-5.464057666189101,304,49.0,51,0.0,,,,
2018-10-31 23:15:00,23:15,Autumn,0.0,304,49.0,51,0.0,,,,
2018-10-31 23:45:00,23:45,Autumn,0.0,304,49.0,51,0.0,,,,
