,Ecosystem,Season,Time,Year_x,H_mean,LE_mean,Rn_mean,PVeff_x,PVe_mean,Sin_x,Sout_x,Lin_x,Lout_x,Year_y,H_sd,LE_sd,Rn_sd,PVeff_y,PVe_sd,Sin_y,Sout_y,Lin_y,Lout_y
0,Desert background,Autumn,00:00,2018.0,-7.807781,-1.5143443,-54.38815,0.058,0.0,2.180125e-05,0.0429798,386.0019,440.34708,0.0,4.594849963196315,1.2137660443779432,10.563476927153463,0.0,0.0,6.166324717479528e-05,0.10069340898694283,15.260176377781493,6.8183195779916055
1,Desert background,Autumn,00:30,2018.0,-10.206216,-0.066387296,-56.974346,0.058,0.0,0.0,0.029637095,381.6346,438.57935,0.0,12.539835250382948,3.5886274988341467,8.842587048996,0.0,0.0,0.0,0.07172230051649517,14.48602163136965,7.197545420230112
2,Desert background,Autumn,01:00,2018.0,-7.087904,-1.5759768,-57.18785,0.058,0.0,0.0,0.010840516,379.504,436.681,0.0,3.865786136472415,1.3922451720820277,7.96511720580337,0.0,0.0,0.0,0.024649456238753215,13.724565402001241,6.748204167380787
3,Desert background,Autumn,01:30,2018.0,-6.6777287,-1.232112,-56.54011,0.058,0.0,0.0,0.029405253,378.8745,435.3852,0.0,4.4791991938144164,1.8364268637446601,7.917584896091094,0.0,0.0,0.0,0.050835247167670156,13.42310891542303,6.540567599065493
4,Desert background,Autumn,02:00,2018.0,-6.443927,-2.1509902,-54.65864,0.058,0.0,0.0,0.060255107,380.4525,435.0509,0.0,4.281509660765496,3.3549265026292274,9.621174331269417,0.0,0.0,0.0,0.14413995672379895,15.330318584020477,6.848551399412186
5,Desert background,Autumn,02:30,2018.0,-11.018675,-2.0072293,-55.262882,0.058,0.0,0.0,0.00038938975,378.65427,433.91675,0.0,6.55916542282914,1.8313153445090549,8.217189328328882,0.0,0.0,0.0,0.0005863309875743683,14.648249380301904,7.499585051620345
6,Desert background,Autumn,03:00,2018.0,-11.158148,-2.668746,-53.120064,0.058,0.0,0.0,0.016227512,379.403,432.50684,0.0,6.814060858792247,3.8114113648637775,8.819774916736414,0.0,0.0,0.0,0.024667184638640434,16.297142501988475,8.233555552417478
7,Desert background,Autumn,03:30,2018.0,-10.325522,-1.6571813,-50.707417,0.058,0.0,0.005842975,0.045918755,381.8788,432.54617,0.0,4.32175934193703,2.90503480556341,12.953613834915876,0.0,0.0,0.01652642862600642,0.06643891202594784,21.58430137269059,9.86515535934967
8,Desert background,Autumn,04:00,2018.0,-8.260495,-1.5084114,-52.855366,0.058,0.0,0.009639275,0.051667072,378.78278,431.5961,0.0,8.575920303716192,2.6889014709069126,13.274741321833277,0.0,0.0,0.027263987609041546,0.09124406662764226,20.834315825387872,9.854622502708402
9,Desert background,Autumn,04:30,2018.0,-8.912052,-2.1947787,-53.54791,0.058,0.0,4.0879124e-05,0.042754225,377.18613,430.6913,0.0,3.2260018742351844,1.5850816807296615,9.100193268046402,0.0,0.0,0.00011562362271681193,0.08752493327259778,16.751019613833016,9.631264409702338
10,Desert background,Autumn,05:00,2018.0,-9.537107,-4.0447564,-55.36292,0.058,0.0,0.0,0.043599162,374.45612,429.77545,0.0,4.3856990743019315,4.229713719418559,6.845331616355029,0.0,0.0,0.0,0.07539364573329105,15.215437081796575,10.466025961836017
11,Desert background,Autumn,05:30,2018.0,-7.2778344,0.50861317,-53.66678,0.058,0.0,3.9735138,1.9091525,373.4049,429.13605,0.0,6.837195860763159,4.1421410640442895,5.5340891854498135,0.0,0.0,1.2704501667264725,0.4671405562609137,15.055659830760176,11.898039863608417
12,Desert background,Autumn,06:00,2018.0,-7.2692223,-0.53195,-31.276867,0.058,0.0,46.8311,21.38805,374.9978,431.71774,0.0,21.80355728540509,5.142884576965925,7.630530557179612,0.0,0.0,13.817752660284645,8.692853690912294,15.616684063319859,13.902009676036242
13,Desert background,Autumn,06:30,2018.0,-5.95201,-2.9522855,-16.276554,0.058,0.0,96.57777,49.60707,371.39163,434.6389,0.0,17.445562125217116,4.1048229288117355,40.731411013973336,0.0,0.0,37.62159994659146,9.263833364286842,8.666278635931395,6.636190458570044
14,Desert background,Autumn,07:00,2018.0,14.553779,2.4702663,16.812706,0.058,0.0,174.41788,85.24235,371.28943,443.65225,0.0,17.753228539407772,2.2267704199233846,61.250999042880174,0.0,0.0,61.11922081212399,16.009199196585158,9.26810444172936,6.135452047133993
15,Desert background,Autumn,07:30,2018.0,28.284273,9.503821,73.40167,0.058,0.0,282.5757,127.16149,373.51764,455.5302,0.0,20.998994488180283,17.39957870348562,63.65843182695204,0.0,0.0,60.008054504125255,11.497229496545122,10.398995665414308,6.0710840033247795
16,Desert background,Autumn,08:00,2018.0,46.07737,14.82171,127.178345,0.058,0.0,391.93713,169.58255,375.03098,470.2072,0.0,11.223467318057033,6.833994332174757,68.94442266176844,0.0,0.0,69.23688491614388,13.74409327482948,8.210539661120974,5.567123342323869
17,Desert background,Autumn,08:30,2018.0,61.17755,15.816458,166.69968,0.058,0.0,475.12088,201.65665,375.75406,482.5186,0.0,8.321209801402452,6.038538578493243,66.52814901909818,0.0,0.0,64.89701524742766,13.864808323535428,7.306059915392626,7.893772343852171
18,Desert background,Autumn,09:00,2018.0,79.62761,18.930052,216.6916,0.058,0.0,563.98706,231.71663,380.0715,495.6503,0.0,13.056829036640197,6.081653059537203,67.95273499741778,0.0,0.0,62.17046473641502,10.099589368722212,8.123192240646805,9.115204356708453
19,Desert background,Autumn,09:30,2018.0,90.381386,24.709585,248.50871,0.058,0.0,625.1284,252.82071,382.5304,506.3294,0.0,25.569537252188358,6.607435980713126,66.29535884504962,0.0,0.0,62.550388069925766,15.617113008781763,8.743546613085233,8.952273027808003
20,Desert background,Autumn,10:00,2018.0,124.626854,33.015213,262.2844,0.058,0.0,652.17566,259.3241,384.0008,514.568,0.0,20.712004138890208,9.521680576986883,60.2424827643259,0.0,0.0,74.58990637633059,28.162965166523083,8.698320334478556,8.069840212128339
21,Desert background,Autumn,10:30,2018.0,122.9407,35.973587,287.40164,0.058,0.0,699.53406,275.03638,384.5977,521.6937,0.0,24.376753387187144,11.148918801831432,49.71456460519313,0.0,0.0,56.40576193565841,20.291850327225784,6.909959985727504,9.396675843957425
22,Desert background,Autumn,11:00,2018.0,147.50447,30.697987,315.16928,0.058,0.0,750.2342,291.83286,387.0406,530.2726,0.0,39.194430031781124,9.828050653863437,40.37093667990941,0.0,0.0,35.54585677908468,8.470949721109545,8.108375118869263,10.340433242681508
23,Desert background,Autumn,11:30,2018.0,167.50188,34.899727,312.48163,0.058,0.0,746.8947,287.2739,388.07343,535.2126,0.0,35.09870317426845,14.26797886815381,36.48634082612784,0.0,0.0,42.85711507334582,15.572598640438104,6.751473388159629,10.854083490160587
24,Desert background,Autumn,12:00,2018.0,165.48401,27.925728,301.1031,0.058,0.0,725.66003,276.42072,390.97333,539.1096,0.0,17.461827603850022,13.428373901151648,21.54231269633018,0.0,0.0,24.27171167158955,7.310250386958347,7.971168035716214,10.940041494217216
25,Desert background,Autumn,12:30,2018.0,148.2165,23.414083,290.69696,0.058,0.0,701.6367,266.67715,391.3239,535.58655,0.0,21.553005511364773,7.419698286278181,23.67824973317824,0.0,0.0,43.315324705399384,17.656700058239316,7.464059672410772,5.814200294991309
26,Desert background,Autumn,13:00,2018.0,157.85884,34.5988,259.64716,0.058,0.0,643.7157,245.03372,394.2994,533.3342,0.0,20.949292672493982,22.045705535828613,34.3655005636568,0.0,0.0,59.88044118518864,23.479021290029156,10.614189480328038,7.776995175936625
27,Desert background,Autumn,13:30,2018.0,143.257,18.960587,208.85567,0.058,0.0,550.2676,209.42,395.5379,527.5298,0.0,29.214549430564873,8.50344501132909,23.75138273683556,0.0,0.0,47.595066281145755,17.230089995514376,10.367048436032478,5.44625372436167
28,Desert background,Autumn,14:00,2018.0,130.40962,25.827318,196.55986,0.058,0.0,512.16296,187.16562,392.8945,521.332,0.0,16.627887448295198,11.727253655684336,64.99094685596017,0.0,0.0,77.02472856357018,14.79191284865856,10.430860400872799,6.076297595838499
29,Desert background,Autumn,14:30,2018.0,118.13704,24.99376,156.10547,0.058,0.0,433.0357,155.22424,393.0314,514.73737,0.0,16.717822591949044,15.181335083581512,70.55370598580774,0.0,0.0,74.39673089223102,10.847274153062646,10.912238786853878,6.393471518808206
30,Desert background,Autumn,15:00,2018.0,95.19016,27.052755,96.1615,0.058,0.0,324.35785,114.60548,393.73718,507.32806,0.0,20.788380388378908,27.13569046482711,72.62068027051113,0.0,0.0,84.7988346061803,11.706166546008243,12.679989785791184,5.6295697004610386
31,Desert background,Autumn,15:30,2018.0,69.42294,11.879961,3.9723663,0.058,0.0,163.94415,60.80892,396.61118,495.77405,0.0,20.387016850711476,11.273733727279653,27.114123119175634,0.0,0.0,58.951435650820564,21.685164974583728,15.778806783207932,4.466938998441385
32,Desert background,Autumn,16:00,2018.0,44.597702,2.1613472,-31.667591,0.058,0.0,90.62705,32.921337,398.3586,487.7319,0.0,22.232049827483028,6.7938789813356,13.428602846630342,0.0,0.0,24.93321265186459,7.771216411758482,16.91067773424084,5.664228670326457
33,Desert background,Autumn,16:30,2018.0,20.319164,4.016416,-65.99277,0.058,0.0,23.716188,9.175544,398.61847,479.15186,0.0,24.229719261630187,4.062444445343641,15.695326852709144,0.0,0.0,10.546557510065277,4.439199750317996,17.18885245278833,6.84902281885354
34,Desert background,Autumn,17:00,2018.0,1.9674702,0.05407278,-77.19395,0.058,0.0,1.0688883,0.7589894,394.43393,471.93777,0.0,13.410953482043585,6.92776971667608,9.053196068263773,0.0,0.0,0.8899982417838419,0.6066589267569779,13.183495524769652,7.2946112861499
35,Desert background,Autumn,17:30,2018.0,8.640978,7.789866,-76.210266,0.058,0.0,0.0001169605,0.034345374,390.58276,466.7588,0.0,49.72143231116917,18.995173518847558,8.123225798330683,0.0,0.0,0.000330814256536317,0.09714338604894092,8.898446688515126,8.318318198318861
36,Desert background,Autumn,18:00,2018.0,-6.194244,6.0581617,-73.378395,0.058,0.0,0.0,0.041561626,391.37225,464.70908,0.0,12.637742792065865,19.572456894107187,12.571417800843554,0.0,0.0,0.0,0.11755403003812988,11.069653410171778,7.278807749206595
37,Desert background,Autumn,18:30,2018.0,-16.274452,0.18158302,-70.5967,0.058,0.0,0.0,0.05058875,392.587,463.13312,0.0,13.197057932624205,2.298144339146648,11.466069754686194,0.0,0.0,0.0,0.14308659086602946,12.618736881250392,7.619076830068467
38,Desert background,Autumn,19:00,2018.0,-15.3683195,-0.684631,-72.65565,0.058,0.0,0.0,0.004700886,386.966,459.61694,0.0,13.956735989565122,1.2647369715657983,10.283735410666447,0.0,0.0,0.0,0.008970838012649546,8.88685638454397,7.13213584561587
39,Desert background,Autumn,19:30,2018.0,-12.80085,1.9141394,-72.10347,0.058,0.0,8.1607875e-05,0.020630859,382.96738,455.0503,0.0,16.77550086648007,11.099210682095558,7.923471866255582,0.0,0.0,0.0002308219285790464,0.05073900145925526,9.108588253360002,7.335002128362366
40,Desert background,Autumn,20:00,2018.0,-11.7121,4.577773,-67.56287,0.058,0.0,0.0,0.046707563,384.23,451.74615,0.0,4.868422241601745,9.597986928030892,6.882431502867217,0.0,0.0,0.0,0.10004743774984036,9.124982634501738,6.142338303553479
41,Desert background,Autumn,20:30,2018.0,-15.996913,-0.32311788,-62.074837,0.058,0.0,2.1762626e-05,0.019929448,388.45987,450.5148,0.0,16.990965572686022,6.225986371631681,10.491726138921509,0.0,0.0,6.15540008147757e-05,0.042565230393050296,13.786510426499865,5.490736798875692
42,Desert background,Autumn,21:00,2018.0,-11.514807,-0.038659148,-59.11833,0.058,0.0,0.0,0.021040004,389.61487,448.71216,0.0,8.779238403674235,4.95790710395979,7.742866814586656,0.0,0.0,0.0,0.03774030432289768,11.551112965115511,5.612542894442678
43,Desert background,Autumn,21:30,2018.0,-7.010361,-2.5762236,-58.31562,0.058,0.0,0.0,0.040405195,388.90726,447.18246,0.0,3.0519148292439726,4.103392220773877,6.983983862011508,0.0,0.0,0.0,0.08410587402147433,11.939277889181325,5.739738853794477
44,Desert background,Autumn,22:00,2018.0,-10.004574,0.21370128,-58.657917,0.058,0.0,0.0,0.017465638,387.29724,445.9377,0.0,3.9241592675936894,5.814174697083823,7.6551816806813875,0.0,0.0,0.0,0.03193681208657705,14.086443311782627,6.76964753012979
45,Desert background,Autumn,22:30,2018.0,-14.184559,1.3112743,-60.112656,0.058,0.0,0.0,0.0067231487,383.65576,443.7617,0.0,15.284279729785839,5.047639227071439,5.654588303372399,0.0,0.0,0.0,0.01575455128076517,10.419205460337814,6.550045925095708
46,Desert background,Autumn,23:00,2018.0,-7.851407,-2.1212342,-54.829327,0.058,0.0,0.0,0.020532727,388.053,442.8618,0.0,3.061909712259306,1.8342281016831672,4.8309584190530614,0.0,0.0,0.0,0.04042075679821718,8.713547448486217,6.114585789657409
47,Desert background,Autumn,23:30,2018.0,-7.103713,-0.94421065,-56.257805,0.058,0.0,2.7251374e-06,0.011172994,385.175,441.42163,0.0,3.726725737604658,0.9434028324749296,8.247694924370224,0.0,0.0,7.70785251873011e-06,0.024702897736922424,10.628735376057405,6.061927056360583
48,Desert background,Spring,00:00,2018.0,-19.189093,-7.4167438,-85.13151,0.058,0.0,0.0,0.0,328.13,413.2615,0.0,13.723562840978628,7.583917894938258,6.174263995313805,0.0,0.0,0.0,0.0,4.62490708820396,5.8100830097595315
49,Desert background,Spring,00:30,2018.0,-17.084684,-6.8271203,-84.47202,0.058,0.0,0.0,3.131275e-05,326.82626,411.29825,0.0,14.727422203866354,9.272520422935486,6.23528144159597,0.0,0.0,0.0,6.262549868552014e-05,4.190873425665255,5.155749898738555
50,Desert background,Spring,01:00,2018.0,-27.800575,0.16956767,-83.81906,0.058,0.0,0.0,5.871125e-05,326.4555,410.2745,0.0,12.809722440312079,12.779091033431975,6.687941365025108,0.0,0.0,0.0,0.00011742250353563578,3.263305202392728,4.411075915617907
51,Desert background,Spring,01:30,2018.0,-21.3376,-0.5571737,-82.649086,0.058,0.0,0.0,0.000837585,325.6565,408.30475,0.0,14.466977700290998,1.5998928856203996,7.23636624009922,0.0,0.0,0.0,0.001675170031376183,2.6484015975259796,4.756125695097696
52,Desert background,Spring,02:00,2018.0,-43.642426,-2.7044249,-82.513,0.058,0.0,0.0,1.17423e-05,323.16174,405.67474,0.0,42.686205251164274,4.023109565100193,6.629577256907846,0.0,0.0,0.0,2.348459929635283e-05,3.4086006418674013,6.207659353948323
53,Desert background,Spring,02:30,2018.0,-49.274727,-4.9160423,-81.20449,0.058,0.0,0.0,0.0,322.46777,403.67224,0.0,25.790170509428897,10.147483383131213,7.33690993758451,0.0,0.0,0.0,0.0,3.183010973032198,5.183826656744392
54,Desert background,Spring,03:00,2018.0,-5.740576,-4.67045,-80.671425,0.058,0.0,0.0,0.009265115,320.37476,401.0369,0.0,41.172951519851985,13.289107354720956,8.360017109485876,0.0,0.0,0.0,0.015233936662783965,5.60009385770379,6.076338832303006
55,Desert background,Spring,03:30,2018.0,-46.635975,3.2759414,-78.6436,0.058,0.0,0.0,0.08292612,319.779,398.33966,0.0,30.53442003791455,7.776464532239018,8.991546993277295,0.0,0.0,0.0,0.09068121025268482,8.110837369986422,7.4641236658961025
56,Desert background,Spring,04:00,2018.0,-17.047802,-2.31947,-78.269745,0.058,0.0,0.0,0.092937894,320.0665,398.24332,0.0,13.349546664307379,0.6045302024172148,8.60415207146601,0.0,0.0,0.0,0.10869812493927396,6.0811477559963105,6.94273925406638
57,Desert background,Spring,04:30,2018.0,-49.86115,10.441768,-78.138115,0.058,0.0,0.0,0.01400934,320.07776,398.20184,0.0,47.06104623501337,14.629786773114956,8.319458320862308,0.0,0.0,0.0,0.01570241123903457,5.080155228694619,5.966815357028744
58,Desert background,Spring,05:00,2018.0,-28.393595,1.7956107,-77.60924,0.058,0.0,0.0,0.005042025,319.74927,397.35345,0.0,20.974911421659925,6.744176170276321,8.304999748771053,0.0,0.0,0.0,0.01008404977619648,9.228090500147458,8.038749603059278
59,Desert background,Spring,05:30,2018.0,-49.297726,-0.9287645,-76.75126,0.058,0.0,5.19706,2.6044025,316.7833,396.1272,0.0,35.47452356176922,16.24191763123979,6.322369618266896,0.0,0.0,0.8797248423738485,0.410050182759791,11.494271798153088,11.011833773504662
60,Desert background,Spring,06:00,2018.0,-24.963224,8.96407,-58.21946,0.058,0.0,56.0131,31.298676,313.60364,396.5375,0.0,17.811303101170896,12.431039662040293,5.199176848430141,0.0,0.0,5.440318282445697,5.294274491955089,10.87783490316985,9.558800372245104
61,Desert background,Spring,06:30,2018.0,15.228775,-2.2280507,-13.694199,0.058,0.0,153.9555,77.2413,312.73645,403.14484,0.0,23.682152839426088,1.5700660712681167,4.546796482219081,0.0,0.0,12.296565482630733,8.17942004970836,10.715147195662338,7.541867616946712
62,Desert background,Spring,07:00,2018.0,-0.5356768,5.25137,43.601273,0.058,0.0,262.53052,119.657,315.91193,415.18417,0.0,25.669164133343035,3.8221135887032243,5.001459470317298,0.0,0.0,20.03766170312474,10.241319108614968,11.222857507569557,7.1243081809196385
63,Desert background,Spring,07:30,2018.0,19.1859,3.5564723,100.47705,0.058,0.0,376.49023,164.8195,317.70236,428.89606,0.0,2.684969132608937,1.2914916258316793,6.298217493863079,0.0,0.0,25.22446142056161,12.504850303815283,12.319985522252699,6.323752237219201
64,Desert background,Spring,08:00,2018.0,44.5325,6.3321676,158.52615,0.058,0.0,490.7395,209.581,320.87787,443.5102,0.0,17.625407786066408,2.670700668508084,9.874705052038975,0.0,0.0,26.15305362950655,10.541488007053557,10.992327968723488,6.480481904493427
65,Desert background,Spring,08:30,2018.0,60.3838,12.7171545,242.62408,0.058,0.0,597.62866,224.62677,328.1048,458.4826,0.0,26.00879400899376,7.191029271414197,52.95166124123461,0.0,0.0,23.94028709522687,48.404817038876004,12.913626366651588,5.70089630865516
66,Desert background,Spring,09:00,2018.0,122.66033,21.619165,286.34995,0.058,0.0,688.6809,260.21497,332.65204,474.768,0.0,10.706959684961694,11.417794012970308,54.308106647771154,0.0,0.0,28.787476052254284,45.94667082107572,14.2519608332554,6.181880813248004
67,Desert background,Spring,09:30,2018.0,115.36563,16.994633,332.40414,0.058,0.0,776.7948,292.13354,335.26367,487.52078,0.0,35.99804383352042,4.896355518264903,49.40827874098446,0.0,0.0,28.820076028963086,42.41328635799654,14.627144522735765,6.734052487373356
68,Desert background,Spring,10:00,2018.0,124.75343,9.764197,364.4754,0.058,0.0,844.38635,319.9491,338.1554,498.11728,0.0,42.686837203770615,5.332947097183649,43.76936348923449,0.0,0.0,24.60095135924155,37.63617700188284,13.31503774425779,8.580153681629854
69,Desert background,Spring,10:30,2018.0,167.43774,13.617123,388.30276,0.058,0.0,895.4241,341.67316,341.9446,507.39276,0.0,34.07819619637881,7.716068554592832,37.10972801627012,0.0,0.0,24.10405239197072,31.53569701542496,12.13937782351802,9.62239715835767
70,Desert background,Spring,11:00,2018.0,161.37775,15.94855,401.4884,0.058,0.0,930.7891,357.6466,345.69104,517.3452,0.0,39.28274231498929,2.49230362231646,31.22539985508211,0.0,0.0,21.383615702814424,25.921852015906747,11.193187184943302,8.921397672170317
71,Desert background,Spring,11:30,2018.0,194.203,13.513033,405.26892,0.058,0.0,948.6692,367.64075,348.26788,524.02747,0.0,18.384742556879868,7.579312159342488,25.559048089349123,0.0,0.0,20.9766741723605,20.216616075600868,12.0918396214739,9.038956685973142
72,Desert background,Spring,12:00,2018.0,194.0635,15.9523,399.5985,0.058,0.0,945.63214,367.50015,350.2742,528.8077,0.0,25.10642838974436,4.736676513493452,20.983811190537477,0.0,0.0,26.07973421116039,13.36693311344103,13.258058427897124,10.180034645849943
73,Desert background,Spring,12:30,2018.0,198.5505,10.41049,381.7755,0.058,0.0,923.6203,360.49713,352.0041,533.3518,0.0,16.170385729928235,4.449390533184064,20.599126901554257,0.0,0.0,35.62283727246536,12.524816286916844,14.431448195204775,12.254038819386468
74,Desert background,Spring,13:00,2018.0,181.31375,11.766033,350.45068,0.058,0.0,879.34204,348.60663,353.398,533.68274,0.0,15.164981881733613,4.704140470553304,15.087977414534818,0.0,0.0,32.95306288204757,15.508432168555037,14.625023234593256,13.4083644288949
75,Desert background,Spring,13:30,2018.0,178.65976,8.442067,310.73514,0.058,0.0,817.52234,329.8943,355.206,532.0989,0.0,25.99780185887121,14.80044027541573,24.150081152629255,0.0,0.0,34.53367698986463,23.521657690229667,15.011469114952883,13.98377624792513
76,Desert background,Spring,14:00,2018.0,171.6675,18.62545,264.99097,0.058,0.0,737.27716,300.9878,357.13345,528.4319,0.0,26.89259896945025,5.801014940364954,30.395594880724936,0.0,0.0,36.91785493548589,29.60047544603876,16.132803783467796,15.127028669985348
77,Desert background,Spring,14:30,2018.0,143.19675,11.087768,214.66531,0.058,0.0,647.65717,268.07538,357.85187,522.7684,0.0,27.92554547362178,3.4880300778498454,35.16131057308824,0.0,0.0,38.12118295935331,34.79426239947657,16.491392234215244,15.775553600576774
78,Desert background,Spring,15:00,2018.0,124.085175,9.752092,158.81746,0.058,0.0,545.1542,229.65378,357.94415,514.6271,0.0,35.409160285189856,2.143573051791353,36.88021124010413,0.0,0.0,39.68535404132502,40.75661170105396,15.879605921002796,14.993585942544412
79,Desert background,Spring,15:30,2018.0,95.605225,7.7952175,100.10085,0.058,0.0,435.07098,187.4438,357.2063,504.73264,0.0,15.842252255821172,4.809065553123251,36.7268130738207,0.0,0.0,39.680556616479905,46.71730280665967,15.131994711018423,14.773171031389177
80,Desert background,Spring,16:00,2018.0,67.05725,6.7724023,25.290749,0.058,0.0,304.22632,141.45763,356.78125,494.25922,0.0,29.18359152716294,3.804367715448477,56.326622629546115,0.0,0.0,30.862133939767148,53.27019911756749,14.891307098230577,14.337564939018472
81,Desert background,Spring,16:30,2018.0,43.874176,0.54219496,-43.22075,0.058,0.0,178.80931,95.151634,355.95087,482.82928,0.0,13.887067214960794,1.6989817845325845,61.704055099882865,0.0,0.0,22.50635575210538,58.79442030937411,14.917854489294864,12.808183456764954
82,Desert background,Spring,17:00,2018.0,17.264025,4.1844873,-99.45967,0.058,0.0,64.06314,47.45685,354.54266,470.6086,0.0,16.797976982565178,2.2380722900653502,44.041666642361236,0.0,0.0,15.409535620559627,52.523357333097415,14.885377084663384,11.13410287794547
83,Desert background,Spring,17:30,2018.0,-23.094992,-1.213828,-117.65216,0.058,0.0,12.593955,22.912422,352.95667,460.29037,0.0,17.63417142768536,0.7228993826408299,36.809992529088525,0.0,0.0,6.425046531270358,37.46844758059421,15.457972664690391,8.958083607346476
84,Desert background,Spring,18:00,2018.0,-25.894575,1.0921925,-113.32998,0.058,0.0,-0.44061553,10.706035,350.19183,452.37518,0.0,15.562389904313674,2.5265312983452115,25.917053653817728,0.0,0.0,0.8812310695648193,21.378527699625263,15.581757263390728,7.599747934718803
85,Desert background,Spring,18:30,2018.0,-23.557755,-0.55398005,-95.66901,0.058,0.0,0.0,0.0,350.9025,446.5715,0.0,10.039858421502403,3.273759961128235,10.324016300632362,0.0,0.0,0.0,0.0,16.44332558357307,6.794721783487484
86,Desert background,Spring,19:00,2018.0,-22.740633,-0.8738833,-92.80801,0.058,0.0,0.0,0.0,348.266,441.074,0.0,9.48817704824685,2.8441822415418505,10.313577768553126,0.0,0.0,0.0,0.0,15.229698434660072,6.464892906315891
87,Desert background,Spring,19:30,2018.0,-19.793705,-3.6446576,-90.946495,0.058,0.0,0.0,0.003268175,345.908,436.85123,0.0,12.152296296115777,2.5901869542051825,8.899514095336755,0.0,0.0,0.0,0.00653635011985898,14.552079316946287,7.126864120024852
88,Desert background,Spring,20:00,2018.0,-20.82827,-0.46062335,-88.17527,0.058,0.0,0.0,0.01366715,345.46576,433.62735,0.0,12.307259830342792,2.996857854900199,9.183659908175063,0.0,0.0,0.0,0.02733430080115795,13.429097209169369,7.1159755213193225
89,Desert background,Spring,20:30,2018.0,-20.552586,-2.7891822,-88.05567,0.058,0.0,0.0,0.00598875,343.12524,431.17493,0.0,9.166524289338296,1.7025358745799948,8.177053421758565,0.0,0.0,0.0,0.011977500282227995,10.574674145320714,6.859408023354611
90,Desert background,Spring,21:00,2018.0,-28.228401,-11.636783,-87.02977,0.058,0.0,0.0,1.17402e-05,341.8505,428.88025,0.0,11.762916072936092,23.742881856670213,8.24487990591343,0.0,0.0,0.0,2.3480399249820035e-05,7.806899783239738,5.642041187710718
91,Desert background,Spring,21:30,2018.0,-37.918076,-3.7535746,-83.04366,0.058,0.0,0.0,0.0001643585,343.518,426.5615,0.0,21.54040216468544,24.036835687835225,14.04027694128578,0.0,0.0,0.0,0.0003287169965915382,11.837407345749691,4.588879126400092
92,Desert background,Spring,22:00,2018.0,-26.22227,-1.5350537,-80.90783,0.058,0.0,0.0,8.609425e-05,343.457,424.36475,0.0,18.32613898777288,1.1358899055875002,17.404887055695685,0.0,0.0,0.0,0.00017218850553035736,16.32874431924271,4.99015203794969
93,Desert background,Spring,22:30,2018.0,-22.444727,-2.3213625,-84.66438,0.058,0.0,0.0,0.022605266,337.142,421.78378,0.0,18.463527882030462,2.6330827297820094,9.60350488561974,0.0,0.0,0.0,0.045158369141955826,7.950537912313677,5.014988656119759
94,Desert background,Spring,23:00,2018.0,-29.67365,-7.3733373,-87.54676,0.058,0.0,0.0,0.0,331.57123,419.118,0.0,11.638587476389409,11.379493109227756,6.187984533093579,0.0,0.0,0.0,0.0,6.278551082139732,6.082307408466149
95,Desert background,Spring,23:30,2018.0,-20.720253,-11.182743,-86.59599,0.058,0.0,0.0,0.0,329.62177,416.21774,0.0,15.047260012323626,19.43942925833082,6.013461718785179,0.0,0.0,0.0,0.0,5.458779443745359,6.103254108522989
96,Desert background,Summer,00:00,2019.0,-11.648523,-2.3312967,-88.91041,0.058,0.0,0.0,0.00023745833,389.94833,478.8585,0.0,5.02450680004061,2.9666275935292417,4.280042926684013,0.0,0.0,0.0,0.0005816517371074997,7.888512095424823,7.421097794029212
97,Desert background,Summer,00:30,2019.0,-8.371357,1.4102519,-89.17632,0.058,0.0,0.0,0.0,386.61884,475.79517,0.0,2.127013917575526,8.789909253029261,5.959974346255708,0.0,0.0,0.0,0.0,7.498504435427115,7.373751931792849
98,Desert background,Summer,01:00,2019.0,-10.930252,-3.4728084,-87.93946,0.058,0.0,0.0,0.0018110608,385.01382,472.95148,0.0,4.264657811542459,5.3209667166208385,6.999987800313349,0.0,0.0,0.0,0.004307097268897857,8.119978617190968,7.2442507744824685
99,Desert background,Summer,01:30,2019.0,-12.14719,-5.8241367,-87.61202,0.058,0.0,0.0,0.008598667,382.542,470.14542,0.0,6.183171680605784,6.354157552554821,7.317245151942763,0.0,0.0,0.0,0.021062345731725825,8.627172987405629,7.15050051095965
100,Desert background,Summer,02:00,2019.0,-13.098312,-6.957472,-87.05587,0.058,0.0,0.0,0.0005453572,380.40082,467.45615,0.0,11.320033881523795,7.382288573820898,6.977234471993806,0.0,0.0,0.0,0.0011519386839711084,8.787239236708313,7.074082516198015
101,Desert background,Summer,02:30,2019.0,-14.160229,-4.353445,-86.04566,0.058,0.0,0.0,0.008562174,378.71332,464.75043,0.0,11.299159451830391,2.4261684598866826,6.850985419858112,0.0,0.0,0.0,0.018051502243223425,9.467102663492799,7.422907248299725
102,Desert background,Summer,03:00,2019.0,-21.04374,-3.512185,-85.13857,0.058,0.0,0.0,0.004112755,377.2255,462.35995,0.0,20.041438569734684,1.293692317123401,6.611076790539127,0.0,0.0,0.0,0.005946363900148298,9.337145573718912,6.862420786056065
103,Desert background,Summer,03:30,2019.0,-11.963366,-3.932715,-83.55177,0.058,0.0,0.0,0.017940335,376.4035,459.93732,0.0,9.473503917629602,7.882775095849426,5.590605501962331,0.0,0.0,0.0,0.028622084888452352,10.128555293985823,6.871168911748527
104,Desert background,Summer,04:00,2019.0,-11.365264,-2.8648467,-82.99552,0.058,0.0,0.0,0.01617644,375.13934,458.11868,0.0,14.636514161900832,2.026208318779951,4.865348580788234,0.0,0.0,0.0,0.02479331200887303,10.116809511187242,7.235794510353877
105,Desert background,Summer,04:30,2019.0,-11.40147,-4.137085,-83.67637,0.058,0.0,0.0,0.005921132,372.84198,456.51245,0.0,2.0917984216418204,10.500880893364155,5.316559293234832,0.0,0.0,0.0,0.012011052435061228,10.674493302069191,7.1073627111407625
106,Desert background,Summer,05:00,2019.0,-14.958241,-4.5545535,-83.26231,0.058,0.0,0.0,0.021013107,371.072,454.3133,0.0,7.078834162943987,0.5020365111986235,5.357205230118937,0.0,0.0,0.0,0.021276810069195403,10.989513519545202,7.1763750582586185
107,Desert background,Summer,05:30,2019.0,-13.374255,-3.8506434,-82.15726,0.058,0.0,1.9731756,1.56552,369.70242,452.26733,0.0,9.039550314219353,1.2037691072743877,5.671792695470294,0.0,0.0,0.6060189089597844,0.14279693524389503,11.529463148338444,7.235800006900617
108,Desert background,Summer,06:00,2019.0,-13.011518,-13.080779,-67.19762,0.058,0.0,37.816,20.955667,368.58716,452.6451,0.0,9.883481770001795,10.682893977235276,5.9136003359269145,0.0,0.0,3.770615076424411,2.679596510271922,11.655537086139633,6.986989755248656
109,Desert background,Summer,06:30,2019.0,-10.233155,0.9275511,-39.39995,0.058,0.0,106.554504,56.706802,368.28677,457.53442,0.0,7.821916939714984,4.938495038036397,5.6182255929299085,0.0,0.0,4.892822135316831,4.346096223313043,11.565375188297391,7.266325192845198
110,Desert background,Summer,07:00,2019.0,23.166273,4.101653,20.705353,0.058,0.0,212.82167,94.527214,368.54114,466.13022,0.0,11.443698803263505,6.0808254562006345,1.7501183736947958,0.0,0.0,7.426799490224619,3.701533774355311,10.126237636749469,7.273643793824884
111,Desert background,Summer,07:30,2019.0,13.811401,4.951118,91.20906,0.058,0.0,331.26883,132.47433,369.59515,477.1806,0.0,11.706001495752739,7.867721713650788,2.6981112824114875,0.0,0.0,8.84346701046698,3.3950587653053783,9.378114252011528,7.557562303738148
112,Desert background,Summer,08:00,2019.0,37.29783,11.599228,152.5958,0.058,0.0,442.8235,171.68666,371.5856,490.12665,0.0,17.99469877897522,8.44389567189122,4.664134790006342,0.0,0.0,10.964843170858869,4.331057240246342,9.529205100350307,7.762463903553164
113,Desert background,Summer,08:30,2019.0,49.57515,10.61634,213.18266,0.058,0.0,554.084,210.43134,373.62665,504.09668,0.0,10.301027724969385,13.550607278958436,4.5880222995365365,0.0,0.0,10.943415479143463,4.413863449714591,10.307406295482938,8.64340816153515
114,Desert background,Summer,09:00,2019.0,94.72605,11.386745,265.22827,0.058,0.0,653.16815,246.39583,376.24615,517.7902,0.0,25.732542491859714,7.624576488094121,5.484759811149995,0.0,0.0,12.748341161056507,5.012456685461376,11.323391037094641,9.909687054393201
115,Desert background,Summer,09:30,2019.0,92.30845,13.620615,312.8402,0.058,0.0,745.3073,279.89383,378.82025,531.39355,0.0,19.69116164558989,8.435384898634817,5.754300205448661,0.0,0.0,12.6973031514299,4.930137316975721,11.923360238118418,10.890950935309332
116,Desert background,Summer,10:00,2019.0,127.32732,18.586039,352.01202,0.058,0.0,824.364,309.03217,381.5852,544.905,0.0,31.87939840102933,10.718207664443149,7.024411068910426,0.0,0.0,12.804837610929305,5.204772075544517,12.429725522576447,13.120588740894553
117,Desert background,Summer,10:30,2019.0,157.60867,40.95952,377.92722,0.058,0.0,884.89087,333.92816,384.93744,557.9729,0.0,17.568371694769112,38.75622198951252,8.07568304801232,0.0,0.0,13.743548222042792,6.281689623730615,13.444694455154805,14.987163943346994
118,Desert background,Summer,11:00,2019.0,173.0025,31.907866,410.1433,0.058,0.0,946.3845,354.33017,388.47498,570.386,0.0,39.239184933790284,19.93042365967621,8.410011750348762,0.0,0.0,13.837085620744423,5.944042785808999,13.5557687083256,15.478243633816758
119,Desert background,Summer,11:30,2019.0,203.6525,36.86342,444.674,0.058,0.0,1004.50415,370.74133,391.1273,580.21606,0.0,38.60529918404799,27.803195291862618,9.509491587147036,0.0,0.0,15.63725927738352,6.514068028341077,13.049759931910302,16.411226925306256
120,Desert background,Summer,12:00,2019.0,207.65584,31.168867,456.8951,0.058,0.0,1034.31,381.78583,393.19324,588.8223,0.0,27.954187343423598,8.210422404923644,9.544863494784009,0.0,0.0,15.241299042257914,6.6620165332613706,12.818223646169862,15.757589093832562
121,Desert background,Summer,12:30,2019.0,225.8705,44.365665,441.18695,0.058,0.0,1029.7817,387.2917,394.89502,596.1981,0.0,27.018691991414507,19.737978508429688,8.081660792129718,0.0,0.0,12.221971434040888,5.733980160131868,12.23684031785931,15.624718363739008
122,Desert background,Summer,13:00,2019.0,215.63066,41.461582,424.68753,0.058,0.0,1018.4817,386.03168,395.37485,603.1373,0.0,38.53579431679203,24.467494916011724,7.358161148130027,0.0,0.0,7.958959485949274,3.5779614477627177,11.7508363722116,14.737471654605582
123,Desert background,Summer,13:30,2019.0,238.51317,35.351265,418.47522,0.058,0.0,1007.5755,378.38217,395.58774,606.30585,0.0,32.61112610217494,5.277538004225725,9.958451323636536,0.0,0.0,10.059754539397442,4.082720210894068,12.904795435178807,15.723772036463979
124,Desert background,Summer,14:00,2019.0,225.87083,41.0463,404.4891,0.058,0.0,981.45465,365.56683,397.1883,608.587,0.0,56.916265179418936,33.66313411799469,10.207534420091068,0.0,0.0,14.923073621982931,5.42307789598028,14.744512510762968,15.412940413069167
125,Desert background,Summer,14:30,2019.0,212.49417,21.199766,365.37778,0.058,0.0,921.2117,346.5255,398.4572,607.76556,0.0,68.67424702863534,11.455574362295337,9.481034764057004,0.0,0.0,14.949937772691118,5.606129037326287,14.993596969342228,14.526520044611406
126,Desert background,Summer,15:00,2019.0,217.77684,21.83394,319.76416,0.058,0.0,848.48566,322.14984,399.24765,605.81934,0.0,32.33980837070048,12.8429851563635,10.508339908893861,0.0,0.0,14.018850385119851,5.3099994976277625,13.906721320314443,14.342958677993494
127,Desert background,Summer,15:30,2019.0,193.65933,23.019434,287.4464,0.058,0.0,779.8178,292.526,400.7918,600.6372,0.0,43.15314967066189,8.455195478079697,12.774911368344908,0.0,0.0,15.60491370142237,5.62899850350148,12.611244623819445,15.442795320081478
128,Desert background,Summer,16:00,2019.0,175.6575,30.191435,249.34695,0.058,0.0,699.902,258.86417,402.21866,593.90955,0.0,27.140101815169658,34.93054547865553,9.284328887930709,0.0,0.0,11.08898078921857,3.9808916340377047,11.61552951121975,13.38434641319031
129,Desert background,Summer,16:30,2019.0,145.38884,9.548734,200.01591,0.058,0.0,601.7313,220.33682,403.28284,584.66144,0.0,45.70235032962624,3.084980839451573,11.863157217909567,0.0,0.0,17.033189575215573,6.11152271851948,12.398448338587245,13.757942394034767
130,Desert background,Summer,17:00,2019.0,115.41558,12.258631,145.50816,0.058,0.0,497.3025,180.7685,402.4185,573.44434,0.0,29.7185385438119,22.323892829288887,11.292260351342353,0.0,0.0,17.581460991826695,6.001475914390614,12.499008633933444,12.931571301933804
131,Desert background,Summer,17:30,2019.0,106.61575,5.4072685,84.771904,0.058,0.0,382.588,137.596,402.2571,562.47723,0.0,28.478881310571232,8.046071901864318,10.86988118403028,0.0,0.0,15.462274688585813,5.147203287265169,12.277922176568218,13.024407080470418
132,Desert background,Summer,18:00,2019.0,75.8978,-4.422462,23.716257,0.058,0.0,265.52332,93.184166,402.94043,551.56335,0.0,11.709133864027075,24.1764288615328,10.632920280306651,0.0,0.0,15.874461540700722,4.8267657887704685,11.791561996337094,12.338389407972683
133,Desert background,Summer,18:30,2019.0,53.575184,9.311742,-37.29243,0.058,0.0,139.30453,41.380184,405.53537,540.75214,0.0,13.119439971953982,7.836146119195704,22.672410766147856,0.0,0.0,13.650211667017983,13.854459797653108,14.487313482768094,10.216403561907489
134,Desert background,Summer,19:00,2019.0,16.229847,-7.6770563,-98.08927,0.058,0.0,31.687645,8.386487,406.4394,527.82983,0.0,30.306295476971176,7.585088563125481,26.4758634086255,0.0,0.0,22.555967697390876,2.3065937906118927,16.210914454960818,9.91869736327395
135,Desert background,Summer,19:30,2019.0,5.380934,-8.834226,-111.91587,0.05800000000000001,0.0,2.51807,1.732888,407.29,519.9911,0.0,15.167343584810995,8.208279915041409,7.758399706200281,0.0,0.0,0.46762035483112546,0.16887521081111845,15.901744283216049,10.007703652755923
136,Desert background,Summer,20:00,2019.0,-8.132629,-1.938925,-106.15175,0.05800000000000001,0.0,0.0,0.0068143765,408.0592,514.2041,0.0,14.61534627283014,20.249914830057623,6.600258165707672,0.0,0.0,0.0,0.009345780569496963,15.586193564012715,9.796906263299276
137,Desert background,Summer,20:30,2019.0,3.3339386,-3.5538526,-97.28986,0.058,0.0,0.0,0.05626723,411.01382,508.24744,0.0,35.999111160589706,1.5764550566673279,5.154073160652133,0.0,0.0,0.0,0.07650889480744347,10.403113486987062,8.095221320666111
138,Desert background,Summer,21:00,2019.0,-7.1529818,-3.8240576,-93.381935,0.058,0.0,0.0,0.074179366,409.3825,502.69025,0.0,22.15947910078833,1.0360450744628906,6.1871793292804576,0.0,0.0,0.0,0.08737453873449218,10.280015645082383,7.956391340373391
139,Desert background,Summer,21:30,2019.0,-10.794507,16.84329,-91.928474,0.058,0.0,0.0,0.025567316,405.2325,497.1354,0.0,12.064109685252088,24.81909291122803,4.1793383339141394,0.0,0.0,0.0,0.03800729925180354,9.105475611638434,7.704451221360739
140,Desert background,Summer,22:00,2019.0,-7.5735464,-6.5747137,-90.56011,0.058,0.0,0.0,0.00650129,402.35666,492.91028,0.0,12.640571728794825,5.1023436760106495,5.077722771795772,0.0,0.0,0.0,0.013861383145326972,10.668702883611758,7.858820389201765
141,Desert background,Summer,22:30,2019.0,-10.090493,2.4596918,-89.335236,0.058,0.0,0.0,0.0025883666,399.75534,489.08798,0.0,7.5674642113139505,9.154674523399066,4.293556570918512,0.0,0.0,0.0,0.00634017749597166,10.366943828060307,7.962655214685704
142,Desert background,Summer,23:00,2019.0,-9.624607,-2.3880234,-88.509514,0.058,0.0,0.0,0.00405997,396.86633,485.3718,0.0,14.019950774228537,4.416262741023029,3.7258965963637363,0.0,0.0,0.0,0.007224774531749613,10.271131489348466,8.24172700222471
143,Desert background,Summer,23:30,2019.0,-13.000809,-4.0873117,-87.72727,0.058,0.0,0.0,0.00027656925,394.23166,481.95868,0.0,6.732033187561235,0.5175960139307768,3.30666368984929,0.0,0.0,0.0,0.0006472583883752087,9.167736597486662,7.853825080757949
144,PV field,Autumn,00:00,2018.0,-33.604824,-1.7006847,-126.89952,0.058,0.0,0.0,0.06112992,344.16388,472.27454,0.0,19.803281457823815,2.052832807167232,14.001208375444419,0.0,0.0,0.0,0.16706927755101836,24.59563340217574,12.674228689572283
145,PV field,Autumn,00:30,2018.0,-22.34478,-1.2987381,-126.8896,0.058,0.0,0.0,0.061514817,343.65988,471.5206,0.0,16.67956364310844,1.5407089870862853,13.714091699347199,0.0,0.0,0.0,0.129627568080473,24.403197438300566,12.943858933554504
146,PV field,Autumn,01:00,2018.0,-32.643085,-1.231639,-127.062675,0.058,0.0,0.0,0.02955801,342.73538,470.54453,0.0,13.741200810797785,1.5113212831255647,13.76182488220791,0.0,0.0,0.0,0.08282114675135523,24.806609150240092,13.166907127728587
147,PV field,Autumn,01:30,2018.0,-29.041601,-0.63181186,-126.397934,0.058,0.0,0.0,0.05863154,342.46912,469.55524,0.0,17.67929038291028,1.8681786235277125,13.697061440361628,0.0,0.0,0.0,0.15820825604854208,24.8687379522785,13.23780394003788
148,PV field,Autumn,02:00,2018.0,-30.706938,-0.94332075,-126.33476,0.058,0.0,0.0,0.055408955,341.71762,468.74747,0.0,11.090766061979059,2.2855137668382923,13.614187656702976,0.0,0.0,0.0,0.10250964577958875,24.93513980015073,13.344268343327615
149,PV field,Autumn,02:30,2018.0,-28.885157,1.3305851,-126.71722,0.058,0.0,0.0,0.07876881,340.20575,467.6118,0.0,15.582194208197373,5.635648429216738,13.890603807914598,0.0,0.0,0.0,0.14343730659668116,25.27531695865501,13.441755383468882
150,PV field,Autumn,03:00,2018.0,-26.960659,-1.1462947,-127.23601,0.058,0.0,0.0,0.092032515,339.34775,467.36188,0.0,10.55478986394484,1.9088031360698734,14.465173735007118,0.0,0.0,0.0,0.2478816044041824,25.613487081473373,13.255662227912973
151,PV field,Autumn,03:30,2018.0,-35.84525,0.74097794,-127.326256,0.058,0.0,0.0,0.057665877,339.00974,467.06268,0.0,11.125891542425634,4.389536355106013,15.34897547002416,0.0,0.0,0.0,0.12653939538966308,26.4524438096018,13.254593695391
152,PV field,Autumn,04:00,2018.0,-32.925285,-1.2466416,-127.0638,0.058,0.0,0.0,0.00917629,338.44873,466.28223,0.0,14.537463588187514,1.8588546243520998,16.10637753587939,0.0,0.0,0.0,0.020372375166725635,27.443967299433446,13.522246227467514
153,PV field,Autumn,04:30,2018.0,-36.01377,0.7055213,-126.95994,0.058,0.0,0.0,0.010641187,337.91412,465.9078,0.0,11.048560423430894,1.7878712287078151,16.557650519810753,0.0,0.0,0.0,0.020388719730692857,28.11876664566003,13.780955847507567
154,PV field,Autumn,05:00,2018.0,-26.97809,-0.9220094,-125.54863,0.058,0.0,0.0,0.08524648,338.87976,465.8062,0.0,17.61607980595543,1.4280872111550273,20.611311431948803,0.0,0.0,0.0,0.17721092115111395,32.10123313273295,14.099556976129502
155,PV field,Autumn,05:30,2018.0,-26.516035,4.0500045,-121.214905,0.058,0.07657146290317178,1.3201976,0.71646726,341.32455,465.34735,0.0,16.490547637183923,11.521057166690492,24.6452240317809,0.0,0.056151157625589795,0.9681234073377548,0.5876956772450278,36.56069757578642,14.823592675471371
156,PV field,Autumn,06:00,2018.0,-33.03835,2.5418904,-95.90219,0.058,2.04569851064682,35.270664,12.347363,343.98242,466.7923,0.0,24.65772933647931,1.7220307405694377,20.43993092546172,0.0,0.7676785476515424,13.235837028474869,5.702390285785618,37.68693125242939,14.373907604821554
157,PV field,Autumn,06:30,2018.0,-30.968828,3.0822334,-48.78827,0.058,6.239429833412171,107.57638,29.807825,345.91025,470.98422,0.0,22.711795477655077,8.810617857967522,12.213229739574498,0.0,1.9900214456990408,34.31071458101793,8.780013265242015,39.56525385601876,12.3536565689761
158,PV field,Autumn,07:00,2018.0,14.254847,0.66141146,3.5876777,0.058,11.15718497657776,192.36526,52.507587,344.22964,475.57724,0.0,45.919866502131065,7.441749142273786,16.740067128265405,0.0,3.201357223709287,55.19581420188427,14.399038869992523,36.51405489467272,10.358611205722536
159,PV field,Autumn,07:30,2018.0,37.258896,5.2829385,66.08346,0.058,16.767431526184083,289.09366,79.90036,345.14578,481.86963,0.0,44.25328353764332,7.251175065216245,25.874161619071756,0.0,4.279586155064181,73.78596819076175,19.881389689469376,35.54635640559329,8.319555697251591
160,PV field,Autumn,08:00,2018.0,56.101524,3.3806758,110.54318,0.058,20.632340005057205,355.73,98.65564,348.74298,487.92227,0.0,34.074419252033536,4.973539861337347,66.47343460659229,0.0,8.017574620265314,138.23404517698822,38.505871060155634,39.07651990544751,6.707834495640947
161,PV field,Autumn,08:30,2018.0,93.27887,9.38602,160.644,0.058,24.95331105259487,430.2295,120.9188,351.90228,493.2794,0.0,55.937006767019746,8.986632427423928,88.84223450346931,0.0,10.497338710567073,180.988598458053,51.994239173707854,39.53196725455253,3.1492855561330484
162,PV field,Autumn,09:00,2018.0,132.86168,15.527656,193.91965,0.058,28.158362160818918,485.489,138.05045,351.09726,497.99088,0.0,83.12249626086684,9.73088320528475,112.800139267403,0.0,12.401243170094858,213.81453741542862,62.43821969228687,37.4703307465048,4.452767982847068
163,PV field,Autumn,09:30,2018.0,169.18748,19.924894,255.63733,0.058,33.78227404349191,582.453,167.11862,351.61218,504.85687,0.0,95.43532890412389,7.874521212316362,116.83102518768807,0.0,12.775161499258207,220.26140515962422,64.24032665089749,35.243635461457046,4.483200299569442
164,PV field,Autumn,10:00,2018.0,223.55923,20.408867,289.03958,0.058,36.83910586547852,635.157,182.21295,353.1593,509.99994,0.0,98.12463596345195,8.691379704024907,113.19179074033518,0.0,12.40394453659675,213.86111269994393,62.964341813918715,32.39379610809309,6.239589745839052
165,PV field,Autumn,10:30,2018.0,240.5913,19.717735,311.62888,0.058,38.82104819161551,669.3284,192.16942,356.526,514.7657,0.0,90.34245985394509,10.816217272433658,114.55499484021209,0.0,12.584652530117593,216.97676776064816,63.003285678520314,32.86410983443416,6.94992168208792
166,PV field,Autumn,11:00,2018.0,214.00941,17.771925,318.0864,0.058,39.45183182198661,680.204,194.091,359.09152,518.50836,0.0,98.96273734913265,10.182950734639373,124.09317716134645,0.0,13.353006596907582,230.22425167082034,65.76858859899055,32.59016147248279,7.8698259872322005
167,PV field,Autumn,11:30,2018.0,233.7323,17.995304,311.35315,0.058,38.83390055629185,669.55,189.90692,361.0765,519.74744,0.0,112.86744912395112,9.790181945789774,127.69998692494914,0.0,13.846582251355784,238.73417674751346,67.53185281245142,33.258372486481164,9.071418864470981
168,PV field,Autumn,12:00,2018.0,230.3671,17.548824,291.72913,0.058,37.2436763218471,642.1323,180.56761,361.63226,520.68,0.0,115.99532994945207,10.696761986169877,137.50763606586952,0.0,14.691574342077246,253.30300589788354,71.00410327134904,33.10482191829028,9.03978733333394
169,PV field,Autumn,12:30,2018.0,232.98935,20.586048,284.43893,0.058,36.45631021308899,628.55707,175.74861,366.40656,523.2147,0.0,107.95603893199007,9.58203210921882,122.0156950080514,0.0,13.02812038426345,224.6227652459215,62.48718919111306,31.478662713226147,10.98475347955818
170,PV field,Autumn,13:00,2018.0,217.4811,18.670383,253.02744,0.058,33.65722096252441,580.29694,160.46404,367.55453,521.8955,0.0,97.98499029265166,8.996496154838168,109.65894120677291,0.0,11.902033704947302,205.20747767150516,56.46131548261377,31.745435131226074,10.51103688806049
171,PV field,Autumn,13:30,2018.0,212.63583,18.257898,214.35738,0.058,30.21622378540039,520.96936,142.17807,368.51282,519.8759,0.0,92.02579194729634,8.004453728865567,85.14661820165931,0.0,9.859655503657283,169.9940604078842,45.71405099349664,33.725386424250566,9.533226275358691
172,PV field,Autumn,14:00,2018.0,201.54625,16.961424,181.4393,0.058,27.31194631195069,470.89563,126.182495,367.77756,516.907,0.0,45.6466599022426,6.910514439671357,18.820457674659128,0.0,3.00005385131853,51.72506640204365,12.169936164100683,31.57188293569619,7.305141668583038
173,PV field,Autumn,14:30,2018.0,166.16522,10.83114,111.28233,0.058,21.141565521240235,364.50977,93.79087,368.2198,512.8233,0.0,68.77730414308152,9.567916989682798,28.876607243677398,0.0,3.9891171137223758,68.77788127107544,14.421518415193201,32.34216593519462,6.080067732364252
174,PV field,Autumn,15:00,2018.0,108.726585,9.005962,36.8096,0.058,14.364357429504395,247.66133,58.535686,369.37888,506.42752,0.0,69.2941515979528,6.638276168166854,28.323630423824092,0.0,4.988947057640784,86.01632858001351,16.96517298538772,37.11970754585917,6.142739374675431
175,PV field,Autumn,15:30,2018.0,73.73276,2.3767517,-16.14446,0.058,9.727625106811525,167.71768,33.99104,365.8597,499.74197,0.0,43.25929764923484,6.025752804150131,17.625610076644858,0.0,3.0371533481272053,52.364712898744926,9.346856190035053,35.79416772604673,5.0485969966978725
176,PV field,Autumn,16:00,2018.0,34.4553,3.6867445,-77.08858,0.058,4.499770506858827,77.58225,15.141613,363.29068,494.84198,0.0,25.823915387335845,4.333468384767544,24.752722042089406,0.0,0.6559171658664652,11.30891665287009,2.9800746448888917,33.504744374553106,6.307767537188645
177,PV field,Autumn,16:30,2018.0,-10.317475,1.7100557,-121.421364,0.058,0.788279228448868,13.591022,4.181469,359.3216,490.28387,0.0,30.54986708611417,3.245502540090987,23.557136680574672,0.0,0.22093274115548808,3.809185192336001,1.0698501602250925,28.405774461657995,7.599016421850853
178,PV field,Autumn,17:00,2018.0,-28.666338,1.0055563,-130.10062,0.058,0.00580331476777792,0.100057155,0.11116395,356.92575,487.09662,0.0,23.26824162675958,7.754438083605648,18.75819907101118,0.0,0.013828002972964113,0.2384138443614502,0.07422164931946353,26.47716269066387,8.129082511352113
179,PV field,Autumn,17:30,2018.0,-37.454784,-0.413512,-131.42183,0.058,0.0,0.0,0.000497005,353.66013,485.08197,0.0,18.14811571842349,1.7346391930249745,13.5242809234182,0.0,0.0,0.0,0.0014057424422661991,21.897747302307764,8.430563274360917
180,PV field,Autumn,18:00,2018.0,-37.222324,-1.073633,-131.50006,0.058,0.0,0.0,1.9567376e-06,352.02414,483.52417,0.0,18.19735485772238,1.7563689014241006,12.17315312955125,0.0,0.0,0.0,5.534489720040399e-06,20.543590362070773,8.504971017648106
181,PV field,Autumn,18:30,2018.0,-39.95811,-0.54085827,-130.91957,0.058,0.0,0.0,0.0,351.05524,481.97482,0.0,13.329227090726775,5.072655584730682,11.383005137998,0.0,0.0,0.0,0.0,19.92964422659998,8.737223532391354
182,PV field,Autumn,19:00,2018.0,-33.956715,1.9911681,-129.73674,0.058,0.0,0.0,9.3907496e-05,350.85538,480.5921,0.0,5.272274853279347,3.4590409229296855,11.950388448486477,0.0,0.0,0.0,0.00018098269276995734,21.08072655561311,9.427843955899071
183,PV field,Autumn,19:30,2018.0,-32.430958,-0.9761038,-128.57454,0.058,0.0,0.0,0.001023259,350.68076,479.25528,0.0,13.405390590156452,3.868019554762535,13.372484268671522,0.0,0.0,0.0,0.0021392795887147944,22.928235212356956,9.74359156124631
184,PV field,Autumn,20:00,2018.0,-39.36357,1.5552225,-128.53839,0.058,-0.04799514091014862,-0.8275024,-0.35354143,350.6973,478.6548,0.0,15.170270668352837,5.274453986672404,13.604509182246078,0.0,0.1357507584062799,2.3405303173496534,1.0101487239713964,22.5166447443532,9.601008350552311
185,PV field,Autumn,20:30,2018.0,-31.935938,0.1612626,-128.17249,0.058,-0.04799514091014862,-0.8275024,-0.34777933,350.1541,477.74567,0.0,7.734060951044097,2.004109609312872,13.398202884611784,0.0,0.1357507584062799,2.3405303173496534,1.012635558721865,22.222227589346716,9.630629122158927
186,PV field,Autumn,21:00,2018.0,-35.05757,0.591162,-128.3945,0.058,-0.04799514091014862,-0.8275024,-0.3474526,348.75467,476.56827,0.0,14.332898840218844,2.733922306429228,13.329793887330386,0.0,0.1357507584062799,2.3405303173496534,1.012709425879679,22.275927345366714,9.982451643151572
187,PV field,Autumn,21:30,2018.0,-31.6026,-1.5958253,-127.772675,0.058,-0.04799514091014862,-0.8275024,-0.33209616,348.5714,475.76318,0.0,15.660792051171825,1.8416839917568053,13.794134559293912,0.0,0.1357507584062799,2.3405303173496534,1.0194283175439172,22.982690771101186,10.329784149887901
188,PV field,Autumn,22:00,2018.0,-28.614021,1.4806111,-127.276596,0.058,-0.04799514091014862,-0.8275024,-0.3145489,348.7977,475.49338,0.0,12.010509799270714,5.242816344879065,13.912759774429611,0.0,0.1357507584062799,2.3405303173496534,1.0284169675515986,23.574544799114353,10.589249307251933
189,PV field,Autumn,22:30,2018.0,-30.268612,0.04016599,-127.66473,0.058,-0.04799514091014862,-0.8275024,-0.33086476,347.9619,475.04575,0.0,12.126726800618535,3.728400838162303,14.225120986049454,0.0,0.1357507584062799,2.3405303173496534,1.020105964242199,24.229468190177716,10.81640416510647
190,PV field,Autumn,23:00,2018.0,-38.9376,0.1051683,-127.22551,0.058,0.0,0.0,0.0020760286,346.5984,473.82388,0.0,11.3741433023507,4.790968126142276,13.768733202805235,0.0,0.0,0.0,0.004900649267307908,24.735869885720582,11.35430810980123
191,PV field,Autumn,23:30,2018.0,-24.968634,-0.059431948,-127.46905,0.058,0.0,0.0,0.020147985,345.59076,473.05978,0.0,17.59194413391141,3.501412704267148,13.577779071397568,0.0,0.0,0.0,0.05540837176344856,24.726609536626068,11.451433204398954
192,PV field,Spring,00:00,2018.0,-21.85129,-5.994298,-66.202644,0.05800000000000001,1.0118006891570985e-05,0.00017444839,0.0070767426,350.227,416.42273,0.0,19.349084083141506,7.314279297178807,8.142457310908975,0.0,2.2624551206364066e-05,0.00039007846907524254,0.014035306068836332,28.172700118960265,23.317975916760183
193,PV field,Spring,00:30,2018.0,-19.962713,-14.385274,-66.91518,0.05800000000000001,5.80612005214789e-06,0.00010010552,0.01481078,348.0012,414.90164,0.0,16.054734022676495,9.193535618283065,7.546004251993209,0.0,1.2288054618487852e-05,0.00021186301066358364,0.01923441527984504,28.444287092765645,23.202681438068836
194,PV field,Spring,01:00,2018.0,-22.539711,-3.1139998,-65.15932,0.05800000000000001,5.806193080206867e-06,0.00010010678,0.038790535,348.3876,413.5082,0.0,14.82975204825682,1.530774766969964,7.419541319030419,0.0,1.2288208366330956e-05,0.00021186566148846474,0.04819553520469935,27.8662259735109,23.376324623936362
195,PV field,Spring,01:30,2018.0,-29.527601,5.749589,-65.56731,0.05800000000000001,5.818165419623257e-06,0.0001003132,0.011106747,346.7966,412.3529,0.0,22.521378420809278,11.16610348040349,7.451588767395699,0.0,1.300981338261619e-05,0.00022430712728648602,0.014992032107902002,28.91516047026142,24.218367396814596
196,PV field,Spring,02:00,2018.0,-22.945704,0.5663774,-65.02711,0.05800000000000001,1.2626658375666011e-06,2.17701e-05,0.06255296,345.9638,410.92838,0.0,23.10115757348653,3.7480720593732495,8.842959940862926,0.0,2.1860448656172277e-06,3.769042871753841e-05,0.12682221421717801,29.92476958654588,25.115349485234187
197,PV field,Spring,02:30,2018.0,-28.27538,0.15795597,-65.23617,0.05800000000000001,9.106883892673069e-06,0.00015701524,0.06558,344.7422,409.91293,0.0,15.934124575483402,4.824586049439746,9.883976045760441,0.0,1.8316182548340358e-05,0.00031579625083345445,0.0900166183383441,27.953229165524483,24.682175603614233
198,PV field,Spring,03:00,2018.0,-22.066908,-2.396465,-65.01886,0.05800000000000001,0.0,0.0,0.021268647,343.5386,408.5362,0.0,20.291270846728153,1.925346022970093,9.968697169591413,0.0,0.0,0.0,0.02558564818480973,28.44824649289349,25.194531722930666
199,PV field,Spring,03:30,2018.0,-16.980568,-1.265888,-64.39066,0.05800000000000001,5.052983283530921e-06,8.71204e-05,0.032469317,343.0852,407.44348,0.0,18.407934163196426,2.4128546909575603,8.455929595192664,0.0,7.143643090470987e-06,0.00012316626018053426,0.06897716539642564,27.965325688293515,25.106253299494867
200,PV field,Spring,04:00,2018.0,-23.90118,-3.9333324,-63.438362,0.05800000000000001,1.2649150047218427e-05,0.0002180888,0.00399299,342.974,406.40857,0.0,15.420018759716877,11.47467724094148,7.963031639933479,0.0,2.3647543998588007e-05,0.0004077162758377242,0.006509726938854168,27.613910268615115,24.90251069446216
201,PV field,Spring,04:30,2018.0,-13.82145,1.4461001,-61.402046,0.05800000000000001,6.324690906330944e-06,0.00010904639,0.060139865,343.4828,404.8248,0.0,29.884057309186947,5.702864687082405,9.645972369470678,0.0,1.4142438803230743e-05,0.0002438351517798404,0.08993803356727173,27.467638375000107,23.28871198486057
202,PV field,Spring,05:00,2018.0,-12.900016,1.25875,-62.073536,0.05800000000000001,0.0003126942402217537,0.00539128,0.1209802,341.51694,403.47458,0.0,13.54225164643271,4.1196540999970255,8.737277527305308,0.0,0.000662364321997989,0.011420074517206705,0.17861412841071392,26.81188668768983,22.69680293072126
203,PV field,Spring,05:30,2018.0,-6.3777018,-1.5960239,-55.543224,0.05800000000000001,0.5504391361236574,9.49033,2.8121347,342.65588,404.32687,0.0,14.68267148729601,5.138803762153013,10.019631896029365,0.0,0.31859599727181265,5.493034435720907,1.7424764490175395,27.383975880607544,23.4096537698076
204,PV field,Spring,06:00,2018.0,-17.37535,0.9150374,-30.70328,0.05800000000000001,3.3504234634399417,57.765923,16.34437,339.42413,408.19855,0.0,7.430998563012033,6.731206249647534,12.778902579660018,0.0,0.9917050838790007,17.098363515155185,5.681235441140146,27.82937241359473,24.6544292841166
205,PV field,Spring,06:30,2018.0,-4.019945,-2.8525062,7.235287,0.05800000000000001,7.399136491394043,127.57132,35.21776,336.3707,414.0898,0.0,34.73296457804719,1.8882272993705347,24.173085043732964,0.0,2.2961368637073196,39.588566615643444,12.063350357832311,24.678413444008058,22.349748412046647
206,PV field,Spring,07:00,2018.0,11.279216,2.0544,57.42659,0.05800000000000001,12.138973248291016,209.29265,55.20278,339.08127,423.60556,0.0,22.719768027480537,5.72437778514255,46.615913984795775,0.0,4.388537823082709,75.66444522556394,20.227403951606863,23.37000928974187,17.51754289645437
207,PV field,Spring,07:30,2018.0,34.811134,2.55093,104.950294,0.05800000000000001,16.36008334655762,282.0704,71.75042,339.7429,428.7525,0.0,10.970552067270717,4.9316013307849,55.504314142982906,0.0,5.693195339865697,98.158540342512,25.293837773064098,22.98794266901911,10.608091948098323
208,PV field,Spring,08:00,2018.0,39.199234,3.3073466,188.94704,0.05800000000000001,24.025595166015627,414.2344,102.34912,343.32465,442.2373,0.0,29.81938117932289,6.106942909056342,54.897920204686514,0.0,6.285571139611052,108.37191620019055,27.172254508473625,27.668073261743004,13.619630998729527
209,PV field,Spring,08:30,2018.0,59.736977,10.869724,251.26704,0.05800000000000001,29.945841088867184,516.3076,123.99134,345.72073,456.8241,0.0,19.937415053257457,7.265531366488831,55.0468263880737,0.0,6.566558079629548,113.21651861430256,25.080035271875623,28.37740152709406,17.340497321013842
210,PV field,Spring,09:00,2018.0,114.5476,19.9248,303.7626,0.05800000000000001,34.79580115966797,599.9276,140.87209,347.30533,467.8025,0.0,24.567862668113445,7.277904022271753,78.62664707640982,0.0,7.980628701667689,137.5970465804774,28.837901104448164,28.82310952425047,20.01449846237335
211,PV field,Spring,09:30,2018.0,173.0495,12.746155,333.03354,0.05800000000000001,37.60197985839844,648.31,151.03958,353.21512,479.85,0.0,14.883898578336249,4.964518421422355,117.79729652679728,0.0,12.29811861017598,212.03652776165484,45.456854268512885,29.718069584097243,28.42089061773655
212,PV field,Spring,10:00,2018.0,124.70504,12.531443,353.4198,0.05800000000000001,39.80309154052735,686.2602,159.2688,355.0922,488.86072,0.0,94.0132798563332,8.47481255642711,104.60620724610739,0.0,10.920037591354298,188.27651019576376,39.15093900305452,25.90628622525475,31.972532130478477
213,PV field,Spring,10:30,2018.0,184.30867,15.141213,367.60266,0.05800000000000001,41.012971398925785,707.1202,163.1565,358.54,493.88803,0.0,28.13114261944923,7.30827416989776,129.3526019958774,0.0,13.06342356669578,225.23144080509965,46.90988777474869,25.356343725024104,34.66734516772646
214,PV field,Spring,11:00,2018.0,145.62675,12.122687,425.25067,0.05800000000000001,46.501766564941406,801.7546,182.9402,357.56866,504.6306,0.0,49.258783214056564,5.684266450873622,108.56376012100158,0.0,10.047071755895438,173.22537510164545,34.69154887519148,22.283807330585738,37.105479587606204
215,PV field,Spring,11:30,2018.0,166.9571,11.852067,416.45062,0.05800000000000001,45.86901007080079,790.845,178.6666,359.64835,509.50714,0.0,72.74805428499032,11.986465171566024,123.7709434004094,0.0,10.61125463702627,182.95266615562537,36.474967769609805,21.72550258022695,29.695408770562732
216,PV field,Spring,12:00,2018.0,159.66357,16.653284,428.98218,0.05800000000000001,47.07819501953125,811.693,182.8486,362.18527,514.9693,0.0,119.38552449568843,15.133355208321573,99.57314009068686,0.0,8.500309555744302,146.55706130593626,27.808633939625103,23.146742574865765,29.851236948811618
217,PV field,Spring,12:30,2018.0,166.31561,12.327843,403.1378,0.05800000000000001,44.592650402832035,768.8388,173.0244,364.81522,512.8992,0.0,144.86257125035823,3.949255811428512,129.53311111494028,0.0,11.791988721226211,203.31015036596915,39.7667851854783,25.710513765467592,25.027928243221396
218,PV field,Spring,13:00,2018.0,219.7635,16.381248,359.96533,0.05800000000000001,40.84649929199219,704.25,159.02203,367.9365,512.3526,0.0,146.37181581876777,0.17628172270772494,129.71439253304814,0.0,12.140651820942908,209.32158311970534,42.785378981373505,26.668509270883867,23.185870059721886
219,PV field,Spring,13:30,2018.0,143.78394,13.946556,320.0225,0.05800000000000001,37.13400085449219,640.2414,147.0995,371.97598,507.96143,0.0,113.2116422605915,11.78757290508048,124.65048949573716,0.0,12.052319731580306,207.79861606172938,43.43445830320044,28.86854596247362,19.15028882987577
220,PV field,Spring,14:00,2018.0,133.2135,9.66314,268.5988,0.05800000000000001,32.09961324462891,553.4416,128.13393,376.0456,500.65485,0.0,124.25966423604314,5.494815768147403,109.8015099169322,0.0,11.596735465488328,199.9437149222125,43.43361431310789,31.856622601507755,21.145464896436145
221,PV field,Spring,14:30,2018.0,158.59267,11.296063,220.93134,0.05800000000000001,28.071524926757814,483.99182,114.38366,374.34528,494.95056,0.0,40.87292577780261,8.576039334477846,71.3569369415516,0.0,7.4967016316170465,129.25347640719045,27.12569423105888,27.436494684233153,17.40307297695136
222,PV field,Spring,15:00,2018.0,100.40348,8.420517,172.64917,0.05800000000000001,24.1113076538086,415.7122,99.72364,372.84747,492.07556,0.0,84.25244131237605,3.940494228804284,46.60292660712765,0.0,4.677773038465436,80.65125928388684,17.54762621819725,24.443835667689736,16.504205118328606
223,PV field,Spring,15:30,2018.0,84.82928,15.238665,115.751854,0.05800000000000001,18.972855462646486,327.1182,82.18831,374.91428,485.11948,0.0,52.581440336977046,8.30016025217872,35.42318234678079,0.0,3.4942409598541553,60.245533790588865,10.379570130432354,27.034079182960635,19.304924047693238
224,PV field,Spring,16:00,2018.0,83.70847,8.00769,61.366123,0.05800000000000001,13.83281981201172,238.49689,61.467094,375.01373,476.84457,0.0,40.619596321112795,1.2805487727891287,30.093186910535913,0.0,3.2923466953507328,56.76459819570229,11.815332566005614,27.95116935367385,18.562892313508282
225,PV field,Spring,16:30,2018.0,61.214035,1.0804565,-1.5862259,0.058,8.241277976989746,142.091,36.9321,364.87085,463.3747,0.0,36.26956624543688,14.727180320292755,16.24155913092478,0.0,2.048944848698934,35.3266353223954,9.063639545063142,24.609839255535224,20.019057099400946
226,PV field,Spring,17:00,2018.0,28.914852,-2.1959133,-45.014397,0.058,3.6642601394653322,63.1769,16.856075,367.91797,455.58893,0.0,34.56185082913681,10.132531766309025,5.17939888829488,0.0,1.2888851779631423,22.222158240743834,6.154990144986871,26.48427915660686,21.2864078763697
227,PV field,Spring,17:30,2018.0,-20.991776,0.74538994,-73.8067,0.058,0.5883855090141297,10.144578,2.9741876,367.7203,448.109,0.0,33.666709842719044,2.683015602027126,9.723185162354822,0.0,0.33702074812660315,5.810702553906951,1.730212395280645,26.24907245353717,20.39160918049036
228,PV field,Spring,18:00,2018.0,-25.01285,-2.5976524,-75.33005,0.058,0.0028355379489366896,0.048888586,0.05415562,367.953,443.27496,0.0,9.790408326202629,1.9212849736213684,12.316003058998735,0.0,0.005422899780982123,0.09349827208589867,0.08221058347373512,26.199661452607753,19.682467797536212
229,PV field,Spring,18:30,2018.0,-19.108747,-0.36396745,-79.25248,0.05800000000000001,-0.07886485805211123,-1.359739,-0.10624727,362.1055,440.18338,0.0,21.752712242125774,3.7139195269032186,16.20425471016323,0.0,0.17636768336644684,3.040822127007704,0.2376023743745653,24.833663011486202,17.21388285984016
230,PV field,Spring,19:00,2018.0,-22.448002,1.3565401,-76.56242,0.05800000000000001,-0.07886966300416971,-1.3598218,-0.10624414,360.87183,436.25955,0.0,20.878569411690318,4.4583445908937485,16.04709622300032,0.0,0.17636499668681152,3.040775804945026,0.2376041253447267,25.406306983748884,17.457023469091375
231,PV field,Spring,19:30,2018.0,-19.131582,1.231293,-72.212006,0.05800000000000001,-0.07886915716300719,-1.3598131,-0.10573074,362.922,433.95877,0.0,20.383941994557205,2.938805091130247,18.179786332880443,0.0,0.176365279498019,3.040780681000327,0.2378930198533078,27.50757761812221,17.71358830984907
232,PV field,Spring,20:00,2018.0,-25.006878,-1.498908,-67.12066,0.05800000000000001,1.8462327867746354e-05,0.000318316,0.017332038,364.7602,431.86383,0.0,17.7574045057343,1.68859015916274,15.955285215005723,0.0,4.128302013516959e-05,0.000711776209227062,0.026445967026873317,28.73456703028556,19.21203899641537
233,PV field,Spring,20:30,2018.0,-24.02678,-4.5153575,-66.30296,0.05800000000000001,4.881236143410206e-05,0.00084159244,0.009041819,362.762,429.0567,0.0,28.731339548226067,5.756695091724396,14.848982858551432,0.0,0.00010021026827084435,0.0017277632460490405,0.019142655070259605,26.644000721688816,19.272053710584675
234,PV field,Spring,21:00,2018.0,-16.475975,-4.1445227,-65.47627,0.05800000000000001,2.756798127666116e-05,0.00047531002,0.019711562,362.1528,427.6098,0.0,37.49633779792382,10.209484811217589,16.399752043320323,0.0,6.16438801370558e-05,0.0010628255196044102,0.032151169508809946,27.787659974973387,19.7144550467111
235,PV field,Spring,21:30,2018.0,-26.37165,-4.376343,-66.21541,0.05800000000000001,0.00010268830321729183,0.001770488,0.00894224,359.0304,425.23853,0.0,18.656424239702403,5.229994728705203,18.156238729478947,0.0,0.0002296180264879749,0.003958931491171981,0.013304124261821343,31.469938060566214,20.943460576945448
236,PV field,Spring,22:00,2018.0,-21.73035,2.9294624,-66.29457,0.05800000000000001,6.0197155363857745e-05,0.001037882,0.013259778,357.08878,423.37106,0.0,13.540416444892152,5.777740486967605,16.087007109631895,0.0,0.000134604931445702,0.0023207746800983104,0.01730872014697464,29.96729301111888,21.77729841440767
237,PV field,Spring,22:30,2018.0,-9.20612,-0.7005194,-66.5337,0.05800000000000001,7.916814237833023e-05,0.001364968,0.02744372,354.891,421.39853,0.0,39.681892675122825,3.301523414844995,12.33889431466252,0.0,0.00017702534801032827,0.0030521611725918664,0.03471466755499335,27.094272693193233,22.105279889178828
238,PV field,Spring,23:00,2018.0,-25.942684,-1.8652091,-66.96708,0.05800000000000001,8.347011683508754e-06,0.00014391399,0.01657898,352.249,419.19965,0.0,17.03478155999665,1.585982415922485,9.261953170137408,0.0,1.8664485533310534e-05,0.0003218014747122506,0.026282843540086923,27.65926300164467,22.88366038183872
239,PV field,Spring,23:30,2018.0,-27.76524,-7.371839,-65.42867,0.05800000000000001,1.517704544821754e-05,0.0002616732,0.055667613,353.15018,418.52344,0.0,13.72610183882233,8.638222564901167,9.966716329057379,0.0,2.5749547702464708e-05,0.0004439577190080122,0.08905578735395299,27.054289164068237,22.510294416875677
240,PV field,Summer,00:00,2019.0,-5.24425,-3.654761,-86.58716,0.058,0.0,0.0,0.16169852,400.9155,487.50266,0.0,6.635755607814213,6.534433536563707,8.07556908448957,0.0,0.0,0.0,0.14556863686714172,15.303378652550167,8.548565322219016
241,PV field,Summer,00:30,2019.0,-0.79588544,-3.9656482,-86.11801,0.058,0.0,0.0,0.15216406,399.29788,485.4159,0.0,10.586352870948133,3.5306757153376997,8.112621073810065,0.0,0.0,0.0,0.14422627051152911,15.575991155075263,8.620270266044423
242,PV field,Summer,01:00,2019.0,-7.0694776,-2.7768157,-85.9007,0.058,0.0,0.0,0.118347205,397.23837,483.13907,0.0,9.283814997078661,8.572184857467057,8.224338649652934,0.0,0.0,0.0,0.0891033532420147,15.783810307926062,8.666521616081907
243,PV field,Summer,01:30,2019.0,-5.2436423,-4.4352083,-85.70423,0.058,0.0,0.0,0.18865727,395.2805,480.98474,0.0,8.759809317932467,4.381633782351971,8.518125993676957,0.0,0.0,0.0,0.18958162198588274,15.963504554382906,8.745498441521073
244,PV field,Summer,02:00,2019.0,-2.5808063,0.041361965,-85.003235,0.058,0.0,0.0,0.19154562,394.25586,479.2591,0.0,14.835850927457335,2.8575851378337473,8.186790440550773,0.0,0.0,0.0,0.20276776471212946,15.837931940324134,9.00334711247844
245,PV field,Summer,02:30,2019.0,-6.6983013,2.0104594,-84.80719,0.058,0.0,0.0,0.15943602,392.7435,477.5507,0.0,9.150617216460857,6.225913012685646,7.879245998157855,0.0,0.0,0.0,0.19973358506941224,15.681409243973349,9.24153649662641
246,PV field,Summer,03:00,2019.0,-5.5074253,-0.028662816,-84.78493,0.058,0.0,0.0,0.17869644,391.2575,476.04242,0.0,9.080162783126804,7.769213520644885,7.17549234959794,0.0,0.0,0.0,0.13424497784602513,14.737758981219349,9.138920312851573
247,PV field,Summer,03:30,2019.0,-6.0806127,1.3907199,-84.83249,0.058,0.0,0.0,0.19461933,389.52576,474.35825,0.0,8.624659737854532,8.67105843679639,6.538346703690279,0.0,0.0,0.0,0.15181305681530113,14.354634556629078,9.208528445720692
248,PV field,Summer,04:00,2019.0,-3.7425413,0.5929669,-84.88239,0.058,0.0,0.0,0.16305284,387.70563,472.588,0.0,8.626357628301106,9.819153471683913,6.063946535293838,0.0,0.0,0.0,0.08897895326058451,13.859324236442907,9.153500513491165
249,PV field,Summer,04:30,2019.0,-3.0047739,-0.5267485,-84.19409,0.058,0.0,0.0,0.22280686,386.26376,470.45786,0.0,8.285958185607416,2.571452012453495,5.874240729537201,0.0,0.0,0.0,0.1435177605075344,13.742380484658803,9.03030821832017
250,PV field,Summer,05:00,2019.0,-4.824949,-0.8267709,-83.73758,0.058,0.0,0.0,0.29241225,385.169,468.9066,0.0,8.811202242068722,1.857278982241905,5.989035980525649,0.0,0.0,0.0,0.14733777722917213,13.668364486677504,8.965508650209603
251,PV field,Summer,05:30,2019.0,-1.1734927,-2.6703887,-83.64281,0.058,0.0580471323877573,1.0008126,0.9946866,382.98712,467.3325,0.0,6.774523022779512,2.5003231094314287,6.064692039191046,0.0,0.012272184785053306,0.2115893928457467,0.18523784403524055,13.353794420471063,8.845025802045157
252,PV field,Summer,06:00,2019.0,-2.9666753,1.6277663,-68.33542,0.058,1.5413108549118042,26.574326,11.264234,380.13412,467.12473,0.0,10.805997036986588,2.9887903022834164,5.824031386179842,0.0,0.08942025179749984,1.5417284792672385,1.303175890120907,13.374296789564035,8.777447323776466
253,PV field,Summer,06:30,2019.0,25.241013,2.0781343,-30.139462,0.058,5.1810993957519536,89.3293,39.06624,379.55496,472.4036,0.0,26.72979367572121,6.021230701426612,3.9350751175860834,0.0,0.3492669955053842,6.021844750092832,6.138763248577754,12.454098112311264,7.649990815764488
254,PV field,Summer,07:00,2019.0,18.201485,5.9258823,29.38647,0.058,10.799976837158201,186.2065,71.56947,380.53317,481.86368,0.0,12.341287140522406,7.035703069589807,6.526989593159679,0.0,0.8832229132345911,15.22798126266537,7.902749442718914,12.031738422857124,6.63898049698439
255,PV field,Summer,07:30,2019.0,43.26926,4.2785063,99.53922,0.058,17.390516677856446,299.8365,114.38765,382.37476,493.32077,0.0,22.240211535899228,7.822608281720176,10.036586048600478,0.0,1.2384233934124993,21.35212747262932,10.862477488461264,12.194875743977493,6.762239719997847
256,PV field,Summer,08:00,2019.0,93.75916,8.35242,165.72034,0.058,23.7407122039795,409.32263,150.68974,384.8934,506.51755,0.0,40.67456460604057,14.670805295501884,12.68969963176252,0.0,1.3358711420678167,23.03226107013475,10.701224046804372,12.666767074761538,8.065183564483231
257,PV field,Summer,08:30,2019.0,109.0707,20.02381,231.4979,0.058,30.082134849548343,518.6575,175.545,386.9659,519.5656,0.0,28.997983877179433,16.957975097669003,13.73816735896814,0.0,1.3096587521126424,22.580323312286954,7.510302200516367,12.034999526553896,8.954278555410271
258,PV field,Summer,09:00,2019.0,162.15028,16.907343,288.13727,0.058,35.57851963806152,613.4227,201.15837,388.95914,531.44464,0.0,46.22475705731084,4.95632510495653,17.3038004544315,0.0,1.804029341865575,31.103954170096085,11.4904132386013,11.693241522285264,10.918797111767217
259,PV field,Summer,09:30,2019.0,181.5315,18.789131,362.33893,0.058,42.59609483337402,734.4154,238.99525,392.06357,545.2843,0.0,44.36292230185545,6.950866497150409,31.922873610993204,0.0,3.0169502925711065,52.01638435467422,14.005227715142368,12.583165057857205,12.767951257227638
260,PV field,Summer,10:00,2019.0,247.4285,26.872663,405.7784,0.058,46.97342216491699,809.8866,260.13736,395.4119,558.1739,0.0,49.0243192830793,7.39971692005892,27.707181722216138,0.0,2.6056853978137267,44.92561030713323,13.107499896247823,14.112151490546733,14.21834438094811
261,PV field,Summer,10:30,2019.0,270.53473,25.809885,432.90692,0.058,49.803116925920754,858.67444,274.387,398.95868,568.8412,0.0,49.19023749558179,11.405708275308896,13.195062156870263,0.0,1.289728553623408,22.236699200403624,7.845459261061871,16.60507061212071,16.33776017125189
262,PV field,Summer,11:00,2019.0,297.6917,38.965027,465.39142,0.058,53.06618029785155,914.93414,291.22342,401.4578,578.35016,0.0,49.5924884533666,26.6296806442301,9.327684101384982,0.0,1.1000461545156828,18.96631300889107,6.394901601242659,17.433649758000247,15.847825966739837
263,PV field,Summer,11:30,2019.0,334.16373,36.9706,474.41013,0.058,53.97294410923549,930.568,293.14456,405.46332,584.31195,0.0,61.90784586219379,26.34013464171441,58.320903390785,0.0,5.613773262575872,96.78919418234264,31.47746044295931,21.169682085704423,12.236958275806424
264,PV field,Summer,12:00,2019.0,346.69827,41.931206,510.48758,0.058,57.229660191127245,986.71826,308.1283,406.21997,588.4086,0.0,74.54490726400215,19.1925165457379,25.824585733117765,0.0,2.8251805383237683,48.710009281444336,16.36484894416288,19.48430239946248,12.473386401589647
265,PV field,Summer,12:30,2019.0,375.8936,43.198757,521.5173,0.058,58.641894548688626,1011.06714,316.194,407.8699,596.12177,0.0,139.82395686490028,25.353568944474887,8.689535560140238,0.0,1.1001495771772996,18.9680961582293,6.435476509862183,18.819545150930516,14.5800462770064
266,PV field,Summer,13:00,2019.0,401.4797,42.730972,517.65234,0.058,58.40685314941407,1007.0147,312.29785,410.396,599.66797,0.0,35.980805544867906,33.400623200189685,11.219595051082946,0.0,1.2697721552603165,21.892623366557228,7.017270010048036,19.8212976610332,15.63209216336693
267,PV field,Summer,13:30,2019.0,399.927,42.5651,504.67715,0.058,57.28660879952567,987.70013,302.94528,412.95142,601.6398,0.0,43.78089295089892,23.22449726595717,17.76928918052326,0.0,1.7797469615360366,30.68529244027649,8.843681678200356,20.91187078954312,16.411492733809347
268,PV field,Summer,14:00,2019.0,397.28384,50.9054,492.86475,0.058,56.084251726423,966.96985,294.62042,416.04544,601.9936,0.0,35.2728570815844,23.378269060213132,14.970839233050478,0.0,1.2617744067420942,21.754731150725746,7.419022305189973,23.869943698548095,16.979757739241236
269,PV field,Summer,14:30,2019.0,374.2465,24.511147,443.69086,0.058,51.64170663452148,890.37427,271.048,418.2905,599.6424,0.0,89.95679199895152,14.805298412999235,34.656589433862806,0.0,4.017183777805544,69.26178927250938,19.45006997388394,26.370056318041776,13.544865208256397
270,PV field,Summer,15:00,2019.0,326.0725,19.815897,396.38324,0.058,47.31073832702637,815.7024,248.76825,420.50824,596.74805,0.0,67.3075447696153,24.059148073104375,41.70476486537929,0.0,4.750510821448779,81.9053589904962,23.865798797214076,25.72193238709515,12.99438557638703
271,PV field,Summer,15:30,2019.0,290.23874,28.499228,356.73212,0.058,43.46008163452148,749.31177,229.28275,421.5799,590.8646,0.0,40.93269425293946,27.30048169896536,18.190354432858246,0.0,2.3895666815253347,41.1994255435402,11.260952002044172,23.207066985796658,12.691641320027083
272,PV field,Summer,16:00,2019.0,264.1878,25.846535,282.68002,0.058,36.355182304382325,626.8135,191.53851,424.1816,581.52466,0.0,79.27418525295622,13.253710230710713,68.64361903142881,0.0,7.240158204631881,124.83031387296347,37.58884168240199,24.537438278921016,8.42597214120053
273,PV field,Summer,16:30,2019.0,231.17313,20.723473,238.0712,0.058,31.869071342468263,549.46674,168.771,425.92145,573.5759,0.0,50.64440192818774,13.574246669589929,24.58521277505811,0.0,3.523908932578619,60.75705056170032,17.4945082415824,24.760633606251766,7.569978385965565
274,PV field,Summer,17:00,2019.0,193.13525,23.62267,172.72557,0.058,25.639342239379886,442.05762,137.55557,426.9387,564.5376,0.0,60.39647428985105,14.21682413287282,23.924673839608744,0.0,3.24399760823544,55.93099324543861,16.754875358516845,23.565107985528687,8.305103719962613
275,PV field,Summer,17:30,2019.0,139.93095,14.419365,114.431366,0.058,20.021360870361327,345.19586,101.736916,428.03354,555.9297,0.0,29.07620535745966,10.061073793990259,10.342792683682562,0.0,1.3203088652445807,22.763945952492776,4.581621882521843,22.89037290226012,10.047167007333488
276,PV field,Summer,18:00,2019.0,115.54778,24.251003,47.002544,0.058,13.640744571685794,235.18526,66.11764,428.32227,546.4198,0.0,28.82600485231503,20.46456104342194,8.570869169657731,0.0,0.9651224240919832,16.640041794689363,3.084602066001961,22.007751584614084,10.903417707035343
277,PV field,Summer,18:30,2019.0,73.46155,11.7346,-22.956932,0.058,7.0815245628356935,122.09525,31.9148,427.78955,536.45734,0.0,12.438408220149928,10.799633207007464,8.111479181971816,0.0,0.5767117337246928,9.943305753874009,1.5367250844208806,20.374244135606997,10.385324409806502
278,PV field,Summer,19:00,2019.0,34.507736,9.751665,-80.87516,0.058,1.6254021596908572,28.024176,8.5505905,426.53052,527.0786,0.0,13.415538047573966,16.52484681447111,11.845773116110152,0.0,0.39387562072691074,6.790958978050184,2.588489460084137,17.871315690269316,10.36306949088906
279,PV field,Summer,19:30,2019.0,-1.7019086,2.915763,-93.17938,0.058,0.12769352513551713,2.2016125,1.263658,425.68237,520.4073,0.0,26.770859347789177,12.033543285150358,9.607936898774465,0.0,0.04031283052073586,0.6950488020816527,0.2827734883215484,18.952732873173133,10.365600837763786
280,PV field,Summer,20:00,2019.0,-18.512907,4.4090195,-92.00748,0.058,0.0,0.0,0.050879426,422.3535,514.36096,0.0,12.952830993009549,6.97210996633661,8.90891159034026,0.0,0.0,0.0,0.03720358860736726,18.5686308093418,10.281668043933353
281,PV field,Summer,20:30,2019.0,-12.485694,-0.50773585,-89.89577,0.058,0.0,0.0,0.08226967,419.58963,509.48538,0.0,19.106105169992304,5.2871521907954335,9.24501248017618,0.0,0.0,0.0,0.12847689740990464,18.420102460996343,9.887148013405918
282,PV field,Summer,21:00,2019.0,-14.642986,0.44427186,-88.059204,0.058,0.0,0.0,0.038855042,417.81024,505.86945,0.0,15.95369698071182,6.691630039651791,10.156287938835733,0.0,0.0,0.0,0.03815115020563133,18.887492406113267,9.743349948235219
283,PV field,Summer,21:30,2019.0,-12.53755,-3.6056376,-86.95566,0.058,0.0,0.0,0.040273156,415.50763,502.4633,0.0,14.705929995108004,12.472233698527766,11.116884745055692,0.0,0.0,0.0,0.0442491989387544,19.944780850697352,9.875820376318105
284,PV field,Summer,22:00,2019.0,-11.641167,-1.6630322,-87.303795,0.058,0.0,0.0,0.04032052,411.68512,498.98892,0.0,13.831632725737448,10.531367449318417,9.284460540743005,0.0,0.0,0.0,0.04687055833771689,17.59709193549383,9.583468909852
285,PV field,Summer,22:30,2019.0,-11.422542,0.14652634,-87.04656,0.058,0.0,0.0,0.050264277,408.14413,495.19067,0.0,17.414369187996698,3.2668228858737014,8.88202348702605,0.0,0.0,0.0,0.0559686005155514,16.535856814824722,9.036961001237506
286,PV field,Summer,23:00,2019.0,-6.5011315,5.577887,-87.12662,0.058,0.0,0.0,0.086666666,404.94388,492.0705,0.0,13.457872911651744,7.195225416837374,8.585721572961548,0.0,0.0,0.0,0.06221353462074035,15.991910021215437,8.85716311336209
287,PV field,Summer,23:30,2019.0,-5.5384607,3.3599057,-86.99808,0.058,0.0,0.0,0.16119707,402.62936,489.62744,0.0,15.670582534651532,12.872625675817684,8.194698572093598,0.0,0.0,0.0,0.15473579776950433,15.336906616941446,8.595506434019443
